文物名称,时代,图片链接,分类,作者,文物简介
陆机草隶书平复帖卷,晋,http://www.dpm.org.cn/Uploads/Picture/2017/04/05/s58e450fe8b367.jpg,隶书,陆机,《平复帖》卷，晋，陆机书，纸本，手卷，纵23.7厘米，横20.6厘米 。草隶书9行86字。释文:“彥先羸瘵 ，恐難平復，往屬初病，慮不止此，此已爲慶。承使唯男，幸爲複失前憂耳。吳子楊往初來主，吾不能盡。臨西複來，威儀詳跱。舉動成觀，自軀體之美也。思識□量之邁前，勢所恒有，宜□稱之。夏伯榮寇亂之際，聞問不悉。”（释文据启功《〈平复帖〉说并释文》）《平复帖》内容涉及三个人物：贺循，字彦先，是陆机的朋友，身体多病，难以痊愈；陆机说他能够维持现状，已经可庆，又有子侍奉，可以无忧了。吴子杨，以前曾到过陆家，但未受到重视；如今将西行，复来相见，其威仪举动，自有一种较前不同的气宇轩昂之美；最后说到夏伯荣，他因寇乱阻隔，没有消息。《平复帖》的书写年代距今已有1700余年，是现存年代最早并真实可信的西晋名家法帖。它用秃笔写于麻纸之上，笔意婉转，风格平淡质朴，其字体为草隶书。《平复帖》在中国书法史上占有重要地位，同时对研究文字和书法变迁方面都有参考价值。根据尾纸董其昌、溥伟、傅增湘、赵椿年题跋，可得知《平复帖》历代递藏情况。此帖宋代入宣和内府，明万历间归韩世能、韩逢禧父子，再归张丑。清初递经葛君常、王济、冯铨、梁清标、安岐等人之手归入乾隆内府，再赐给皇十一子成亲王永瑆。光绪年间为恭亲王奕訢所有，并由其孙溥伟、溥儒继承。后溥儒为筹集亲丧费用，将此帖待价而沽，经傅增湘从中斡旋，最终由张伯驹以巨金购得。张氏夫妇于1956年将《平复帖》捐献国家。清吴其贞《书画记》、顾复《平生壮观》、安岐《墨缘汇观》等书著录。
王羲之行草书雨后帖页（宋摹本）,晋,http://www.dpm.org.cn/Uploads/Picture/dc/21038.jpg,行草书,王羲之（传）,《雨后帖》页，晋，传晋王羲之书，纸本，行草，纵25.7厘米，横14.9厘米。释文：今日雨后未果奉状，想□能于言话，可定便得书问，永以为训。妙绝无已，当其使转。与都下□信，戴适过于□也。羲之。署款下一草押不识，又“禹民”二字题名。鉴藏印有 “世南”、“贞观”（画描墨印），以及“四代相印”（朱文，伪）、“志东奇玩”（朱文，伪）、“绍兴”（朱文联珠），清乾隆、嘉庆、宣统内府诸印。帖后有元邓文原，明董其昌题跋各一段，明邹之麟题跋两段。《雨后帖》传为王羲之所书的一通信札，所谈之事不可考，书字不够规范，个别字难于辨认。此帖最早见于清代安岐《墨缘汇观》：“雨后帖，草书，纸本，唐模，有‘世南’墨印。”今专家鉴定认为此帖并非王羲之亲书原迹，依据有三：一是此帖上清代以前的钤印中除“绍兴”外皆不真。书法确有沉雄古雅之气，但与《姨母》、《丧乱》诸帖和《兰亭序》对比相去甚远。二是从用纸分析，纸为深褐色带有细横帘纹的竹纸。而竹纸在晋代是没有的，宋苏轼《东坡志林》卷九曾云：“今人以竹为纸，亦古所无有也。”三是晋代的书写工具是实心笔，行笔时笔毫开叉而经常出现贼毫，然《雨后帖》则用兼毫笔，笔画既软又肥，字距之间笔势连带而出现牵丝，无一笔贼毫出现，因此不应为晋时所书。从此帖的墨色浓淡变化观察，与运笔的启收、顿挫转折的徐疾和用力相吻合，无勾摹痕迹，因此判断此帖应是古临本，书写年代在北宋至南宋绍兴以前。清《书画记》、《平生壮观》、《墨缘汇观续录》、《石渠宝笈初编》著录。
谢安行书中郎帖页,晋,http://www.dpm.org.cn/Uploads/Picture/dc/20874.jpg,行书,谢安,"《中郎帖》页，晋谢安书，纸本，行书，纵23.3厘米，横25.7厘米。
　　释文：
　　八月五日告渊、朗、廓、攸、靖、玄、允等，何图酷祸暴集，中郎奄至逝没。哀痛崩恸，五情破裂，不自堪忍，痛当奈何！当复奈何！汝等哀慕断绝，号咷深至，岂可为心。奈何！奈何！安疏。
　　帖前鉴藏印有两半方，印文均不辨。帖后鉴藏印有南宋“德寿”，明“吴桢”、“黄琳美之”、“新安吴廷”、“许叔次家藏”、“杨嘉”、“堵氏”等印，以及清乾隆内府、宣统内府诸印。
　　《中郎帖》是传为东晋人谢安书写的一封报丧书信，信中告知中郎突然去世的消息，同时表达了自己内心无比哀恸之情。
　　《中郎帖》又称《八月五日帖》。此帖有“德寿”玺印，为南宋高宗之印（高宗赵构做太上皇时曾退居德寿殿），另据此帖纸、墨等判断，可确认它为南宋绍兴御书院中人所临摹的古帖，虽然不是谢安的真迹，依然宝贵。
　　南宋高宗诸帝酷嗜二王及晋人书法，上行下效，使南宋书风充满古雅萧散的气质。此帖行笔流畅，笔法纯熟，具有典雅 雍穆之风度。"
王献之行书东山松帖页,晋,http://www.dpm.org.cn/Uploads/Picture/dc/8676.jpg,行书,王献之,《东山松帖》，晋，王献之书，纸本，行草书，纵22.8厘米，横22.3厘米。释文：新埭无乏，东山松更送八百。叙奴□已到，汝等慰安之，使不失所。□□□给，勿更须报。此帖无款署和题跋。鉴藏印钤南宋“绍兴”连珠印、“内府书印”，明文徵明、刘承禧、吴廷及清曹溶等印。另有两方古印(印文不辨)。原有清乾隆内府诸印和乾隆题语，已被刮去。《东山松帖》是王献之写的一通信札，为断札，有四字磨灭。“埭”(音带)即堵水的堤。“东山松更送八百”应是一句，其意是需再植松八百棵作护堤、美化之用。此帖下笔婆娑，百态横生，萧散秀逸。宋内府《宣和书谱》、《中兴馆阁录》，明董其昌《容台集》，清孙承泽《庚子消夏记》、安岐《墨缘汇观》著录。刻入明吴廷《馀清斋法帖》、董其昌《戏鸿堂法帖》，清《三希堂法帖》。
王羲之行书兰亭序卷（传唐褚遂良摹本）,晋,http://www.dpm.org.cn/Uploads/Picture/2017/04/21/s58f9b14df3f14.jpg,行书,王羲之,《王羲之行书兰亭序》卷（传唐褚遂良摹本），晋，王羲之书，唐，褚遂良摹，纸本，行书，纵24厘米，横88.5厘米。东晋永和九年（353年）三月三日，山阴名士四十一人集于兰亭，修禊祭，宴曲水。即席赋诗，汇为一卷，由王羲之当场作序。这篇序情文并茂，心手双畅，向称“天下第一行书”。其妍美流便的风神，被后世视为行书的典范和楷模。唐太宗李世民酷爱羲之书法，在得到《兰亭序》真迹后，曾命当朝书法名家褚遂良、欧阳询以及弘文馆拓书人冯承素等勾摹数本，分赐臣下，以广布扬。兰亭真迹据记载已随唐太宗殉葬昭陵。这些唐摹本主要有两个系统，一为褚遂良摹本，存世的褚遂良、虞世南、冯承素等墨迹摹本，多属此系统，以冯摹的“神龙本”最为接近原作；一为欧阳询摹本，刻帖“定武本”即源自欧本，为存世最佳的石刻帖本。此卷旧传为褚遂良所摹，故卷前项元汴标题“褚摹王羲之兰亭帖”，简称为“褚摹兰亭”，实未必确切。全卷有宋、元、明诸家题跋或观款，以及鉴藏印记215方，又半印4方。其中“滕中”等2方北宋印和南宋绍兴内府“绍兴”、“内府印”、“睿思东阁”等7方印属真，第一后纸上米芾诗题及7方钤印亦真。因知此卷当为北宋米芾前临摹本。但作品质地属楮皮纸，是宋以后方普遍使用的纸质，或可证此为北宋摹本。全卷由两幅纸拼接，前纸19行，后纸9行，行款排列较松匀，以临写为主，辅以勾描，因此书写较为流畅，亦具一定功力。此卷流传鉴藏经过大致为：北宋滕中、南宋绍兴内府、元赵孟頫、明浦江郑氏、项元汴、清卞永誉、乾隆内府。曾著录于清顾复《平生壮观》、卞永誉《式古堂书画汇考》、吴升《大观录》、安岐《墨缘汇观》、清内府《石渠宝笈·续编》、阮元《石渠随笔》等书，并刻入《兰亭八柱帖》。
王献之行草书中秋帖卷,晋,http://www.dpm.org.cn/Uploads/tupianyingxiang/王献之行书中秋帖卷.jpg,行书,王献之,《中秋帖》，传为晋王献之书，纸本，手卷，纵27厘米，横11.9厘米。《中秋帖》是著名的古代书法作品，曾被清高宗弘历（乾隆皇帝）誉为“三希”之一，意即希世珍宝。行草书3行，共22字，释文：“中秋不復不得相還爲即甚省如何然勝人何慶等大軍。”无署款。《中秋帖》是《宝晋斋法帖》所刻的王献之《十二月割帖》的不完全临本，原帖在“中秋”之前还有“十二月割至不”六字。帖用竹料纸书写，这种纸东晋时尚制造不出，约到北宋时方出现。从行笔中可知，所用毛笔是柔软的无心笔，而晋朝使用的是有心硬笔，吸水性较差，笔的提、按、转折往往不能灵活自如，常出贼毫，如此帖那种丰润圆熟、线条连贯、行气贯通、潇洒飘逸的效果是写不出来的。清吴升《大观录》云：“此迹书法古厚，墨采气韵鲜润，但大似肥婢，虽非钩填，恐是宋人临仿。”据当代书画鉴定家研究，大多认为是宋米芾所临，故同样宝贵。卷前引首清高宗弘历行书题“至寶”两字。前隔水乾隆御题一段。帖正文右上乾隆御题签“晉王獻之中秋帖”一行。卷后有明董其昌、项元汴，清乾隆帝题跋，并附乾隆帝、丁观鹏绘画各一段。卷前后及隔水钤有宋北京“宣和”内府、南宋内府，明项元汴、吴廷，清内府等鑑藏印。此帖曾经宋代宣和、绍兴内府，明项元汴，清内府收藏。民国时由敬懿皇贵妃携出宫外，流散民间，由郭葆昌拥有，再转予其子郭昭俊。后与王珣《伯远帖》一起被典当于香港一家外国银行。1951年底，典当期将满时，国外有人意图购获，周恩来总理闻讯，当即指示有关部门购回，入藏故宫博物院。宋内府《宣和书谱》、明张丑《清河书画舫》、《清河见闻表》、《清河秘箧表》、汪砢玉《珊瑚网书跋》，清顾復《平生壮观》、卞永誉《式古堂书画汇考》、吴升《大观录》、内府《石渠宝笈·初编》等书著录。
王珣行书伯远帖,晋,http://www.dpm.org.cn/Uploads/tupianyingxiang/王珣行书伯远帖.jpg,行书,王珣,"《伯远帖》，晋，王珣书，纸本，行书，5行共47字，纵25.1厘米，横17.2厘米。《伯远帖》是晋王珣(350—401年)写的一封信。原文：“珣頓首頓首，伯遠勝業情期群從之寶。自以羸患, 志在優遊。始獲此出意不剋申。分別如昨永爲疇古。遠隔嶺嶠，不相瞻臨。”卷前引首有乾隆御书：“江左風華”四大字，上有“乾隆御笔”一玺。并御题：“唐人真迹已不可多得，況晉人耶！內府所藏右軍快雪帖、大令中秋帖，皆希世之珍。今又得王珣此幅，繭紙家风，信堪並美！幾余清赏，亦臨池一助也。御識。”钤“乾隆宸翰”、“涵虛朗鑒”二玺。前隔水御书：“家學世範，草聖有傳。宣和書譜”12字。下有：“乾隆宸翰”、“幾暇臨池”、“耽書是宿缘”三玺。又御识：“乾隆丙寅春月，獲王珣此帖，遂與快雪中秋二迹並藏養心殿溫室中，顔曰三希堂，御筆。又識”，钤“乾”、“隆”二玺。后隔水上有明董其昌跋，后有乾隆御笔绘枯枝文石，并识：“王珣帖與其昌跋皆可寶玩，即裝池側理亦光潤堪愛，漫制枯枝文石以配之。乾隆丙寅春正，長春書屋御識”，钤“几暇怡情”一玺。后有“墨云”一玺。卷尾敕董邦达绘图，邦达有记，又有沈德潜书“三希堂歌”。卷后有董其昌、王肯堂题记。本幅前后有古半印二，漫漶不可识。清代所钤宝玺有：“石渠寶笈”、“乾隆鑒賞”、“乾隆御覽之寶”、“三希堂精鑒璽”、“宜子孫”、“養心殿鑒藏寶”诸玺。收传印记上钤有“郭氏觶齋秘笈之印”。此帖与陆机《平复帖》为现今仅存的两件晋代名人法书。王羲之作为“书圣”，垂范百代。但他的书作只以临本、摹本和刻本的形式流传，没有一件真迹传世。王氏家族世代擅书，名家辈出，然其作品命运亦大抵相同。唯羲之族侄王珣有此短笺留在人间，实在是不幸中的大幸。我们可以从中窥见“二王”行草书使转用笔的精微之处，这是刻帖和双勾填墨摹本所无法传达的。王珣本人有书名，此帖风神俊朗，潇洒流利，在王氏家族书风的基础上自具面目，在中国书法史上具有崇高的地位。王珣《伯远帖》自乾隆十一年（1746年）进入内府，经乾隆品题，与王羲之《快雪时晴帖》、王献之《中秋帖》并藏在养心殿西暖阁内的尽间，乾隆御书匾额“三希堂”。 乾隆十二年又精选内府所藏魏晋唐宋元明书家134家真迹，包括三希在内，摹勒上石，命名《三希堂法帖》。在西苑的北海建“阅古楼”，把上述刻石嵌在楼内墙上，拓本流传以示临池之模范。三希原件仍藏在养心殿三希堂。1911年以后至1924年溥仪出宫以前，《伯远帖》、《中秋帖》曾藏在敬懿皇贵妃所居的寿康宫，溥仪出宫之时，敬懿皇贵妃将此帖带出宫，后流散在外。1951 年周恩来总理指示将《伯远帖》、《中秋帖》从香港购回，交故宫博物院收藏。《宣和书谱》、《画禅室随笔》、《书画记》、《平生壮观》、《墨缘汇观》、《式古堂书画汇考》、《佩文斋书画谱》、《石渠宝笈·初编》、《古书画过眼要录》等书著录。"
安弘嵩隶楷书大智度论卷,十六国,http://www.dpm.org.cn/Uploads/Picture/2017/04/05/s58e449be005ac.jpg,楷书,安弘嵩,《大智度论》卷，十六国北凉，安弘嵩书，纸本，隶楷书，纵25.1厘米，横342.5厘米。《大智度论》是阐释佛典《大品般若经》的论书，古印度龙树著，后秦鸠摩罗什汉译，共一百卷。此卷抄写其第五十五卷第廿八品，卷首已残，尾题“法师慧融，经比丘安弘嵩写”。敦煌曾出土另一卷《大智度论》，抄写第五十九卷第卅六品，亦题安弘嵩写，笔迹与此卷相同。汉字书体自汉末至魏晋时期，经历了由隶至楷的演变。北凉地处西域，其传世墨迹和碑刻中的字体较之中原同时期作品，保留了较多的隶意，且笔势峭拔，风格独特，书法史上称为“北凉体”。此卷为代表之作，极为珍罕。
曹法寿楷书华严经卷,北魏,http://www.dpm.org.cn/Uploads/Picture/2017/04/05/s58e449be01de9.jpg,楷书,曹法寿,《华严经》卷，北魏，曹法寿书，纸本，楷书，纵24.6厘米，横817.5厘米。此卷首尾完整。首题“大方广佛华严经入法界品第卅四卷第卌一”。尾署“延昌二年岁次水巳四月十五日，敦煌镇经生曹法寿所写此经成讫。用纸廿三张。典经师令狐崇哲。校经道人”。钤墨印一方不可辨识。北魏“延昌二年”为513年。《大方广佛华严经》简称《华严经》，是佛教的重要经典。古有三种译本。据考证，此卷所写为东晋佛陀跋陀罗所译六十卷本，称“六十《华严》”，共含三十四品。
章草书出师颂卷,隋,http://www.dpm.org.cn/Uploads/Picture/2017/04/05/s58e48cbe9c136.jpg,草书,未知,《出师颂》卷，隋人书，纸本，章草书，纵21.2厘米，横29.1厘米。《出师颂》释文。本幅无款。鉴藏印记有22方，计为：唐太平公主梵文印“三藐母驮”，唐邵王李约“约”和“邵约之印”，唐中书侍郎王涯“永存珍秘”（钤两处）；宋高宗“绍”、“兴”（联珠印）、宋内府“书印”（半印）和“内府秘书之印”；明以前人之“蓑笠轩印”、“历代永宝”、“刘氏中守”、“刘完私印”、“安元忠印”及二印文不辨之印；清安岐“仪周珍藏”，清内府“乾隆御览之宝”、“石渠宝笈”、“乐寿堂鉴藏宝”、“乾隆鉴赏”、“三希堂精鉴玺”、“宜子孙”诸玺。后纸宋米友仁跋：“右出师颂，隋贤书，绍兴九年四月七日，臣米友仁审定。”右下钤“监书画博士印”。右鉴藏印记6方，计有：“物”（半印）、“□轩”、“□□山牧”、“古希天子”、“寿”及一印文不辨印。左鉴藏印6方，为“安仪周家珍藏”、“五福五代堂宝”、“八徵耄念之宝”、“嘉庆御览之宝”、“宣统鉴赏”、“无逸斋精鉴玺”。引首篆书“晋墨”两字及花押“伍”，押上钤“御府图书”，据押和印，前人定为宋高宗书，实为明人仿写。另有清内府鉴藏印“太上皇帝”、“石渠定鉴”、“宝笈重编”、“宁寿宫续入石渠宝笈”。左上乾隆癸巳（三十八年，1773年）御题一段。前隔水鉴藏印有：明王世懋“琅琊王敬美氏收藏图书”，清安岐“安”、“仪周鉴赏”，清内府“八徵耄念之宝”。后隔水乾隆戊辰（十三年，1748年）御题一段，下钤“乾”、“隆”印，另有清安岐鉴藏印“麓邨”。此本见于著录的有：明·詹景凤《东图玄览》、王世贞《弇州山人续稿》、吴其贞《书画记》、孙鑛《书画跋跋·续》、清·顾复《平生壮观》、安岐《墨缘汇观》、吴升《大观录》、《石渠宝笈续编·宁寿宫》、阮元《石渠随笔》、孙岳颁《佩文斋书画谱》、倪涛《六艺之一录》等书。刻入《三希堂法帖》。根据著录书及鉴藏印记，此本称为“绍兴本”《出师颂》，据米友仁跋，多定为隋贤书，也有认为是西晋索靖或南朝梁·萧子云写，乃至唐人作。流传情况大致是：唐代经太平公主、李约、王涯先后鉴藏；南宋绍兴年间入内府；明归王世懋；清初由安岐收藏，后入乾隆内府；民国十一年（1922年）十一月初九日，溥仪以赏赐溥杰的名义转出宫外，1945年后散落匿于民间不彰60余年；2003年由拍卖公司征得，故宫博物院以巨资购回。《出师颂》作为流传有绪的章草墨迹曾留存有两本，一为此“绍兴本”，一为“宣和本”，后者曾入北宋内府，有宋徽宗标题“征西司马索靖书”及“宣和”瓢印，一般定为西晋索靖书，也有认为是梁·萧子云书，经北宋《宣和书谱》、明·文嘉《钤山堂书画记》、清·卞永誉《式古堂书画汇考》等书著录。其流传情况大致是：北宋入宣和内府，明代似从严嵩家辗转入文彭手，后售于项元汴，入清后不存。“宣和本”曾刻入董其昌《戏鸿堂帖》，王秉錞《泼墨斋帖》亦曾摹刻，今仅存法帖拓本。绍兴本《出师颂》本无名款，后人认为是西晋索靖或南朝梁·萧子云作，或谓隋贤或唐人书，并无定论。从本幅中有唐太平公主、李约、王涯等人鉴藏印看，书写不会晚于初唐。据宋·米友仁跋定为“隋贤书”当较可信。此书属较典型的早期章草书体，“蚕头凤尾”带有隶书遗痕，“银钩虿尾”具草书特征，整体书风规整而不失变化，劲健中见自然飞动之势，古朴又典雅，是六朝以来创立规范章草的传统体貌，唯稍增飘逸之势，与隋·智永《真草千字文》中的草体大致相近。故定为隋人书是合宜的。
欧阳询行书张翰帖,唐,http://www.dpm.org.cn/Uploads/Picture/dc/777.jpg,行书,欧阳询,《张翰帖》，唐，欧阳询书，纸本，纵25.1厘米，横31.7厘米，行书，11行98字。《张翰帖》也称季鹰帖，记张翰故事。释文：“張翰字季鷹，吳郡人。有清才，善屬文，而縱任不拘，時人號之爲江東步兵。後謂同郡顧榮曰：天下紛紜，禍難未已。夫有四海之名者，求退良難。吾本山林間人，無望于時。子善以明防前，以智慮後。榮執其（疑缺“手”字）愴然，翰因見秋風起，乃思吳中菰菜鱸魚，遂命駕而歸。”（方框内字残，现据《晋书》补）此段文字见于《晋书·文苑》及《世说新语》等书中，但均属节录。张翰是西晋吴郡(今苏州)人，富于才情，为人舒放不羁，旷达纵酒，当时人将他喻为三国魏时“竹林七贤”之一的阮嵇(阮嵇曾为步兵校尉，人称阮步兵)，称他“江东步兵”。他追随贺循至洛阳做了齐王的官，但他并不快乐，时常思念江南故乡，于是萌生隐退山林、远离乱世之念，后终弃官回乡。《张翰帖》原属《史事帖》，是唐代著名书法家欧阳询存世四件墨迹之一。此帖是字体修长，笔力刚劲挺拔，风格险峻，精神外露。对开有瘦金书题跋一则，是宋徽宗赵佶在赏鉴之余写下的心得。他评此帖“笔法险劲，猛锐长驱”，并指出欧阳询“晚年笔力益刚劲，有执法面折庭争之风，孤峰崛起，四面削成。”这段评语对我们欣赏《张翰帖》以及其他欧体书都是极为重要的。本幅与题跋钤宋高宗赵构和清代收藏家安岐的印记。可知此帖曾藏南宋绍兴内府，清代由安岐收藏，后入乾隆内府，原有清内府玺印及乾隆帝题字，被刮去。此帖为唐人钩填本，笔墨厚重，锋棱稍差。清卞永誉《式古堂书画汇考》，清吴升《大观录》、安岐《墨缘汇观》等书有著录。
杜牧行书张好好诗卷,唐,http://www.dpm.org.cn/Uploads/Picture/2017/04/05/s58e44ec01cfa5.jpg,行书,杜牧,《张好好诗》卷，唐，杜牧书，纸本，行书，纵28.2厘米，横162厘米。释文：张好好诗并序。 牧大和三年佐故吏部沈公江西幕。好好年十三，始以善歌舞来乐藉中。后一岁，公镇宣城，复置好好于宣城藉中。后二年，沈著作述师以双鬟纳之。又二岁，余于洛阳东城重睹好好，感旧伤怀，故题诗赠之。 君为豫章姝，十三才有余。翠茁凤生尾，丹脸莲含跗。高阁倚天半，晴江连碧虚。此地试君唱，特使华筵铺。主公顾四座，始讶来踟蹰。吴娃起引赞，低徊暎长裾。双鬟可高下，才过青罗襦。盼盼下垂袖，一声离凤呼。繁弦迸关纽，塞管引圆芦。众音不能逐，袅袅穿云衢。主公再三叹，谓言天下殊。赠之天马锦，副以水犀梳。龙沙看秋浪，明月游东湖。自此每相见，三日以为疏。玉质随月满，艳态逐春舒。绛唇渐轻巧，云步转虚徐。旌旆忽东下，笙歌随舳舻。霜凋小（此字点去）谢楼树，沙暖句溪蒲。身外任尘土，罇前且欢娱。飘然集仙客（著作任集贤校理），讽赋期相如。聘之碧玉佩，载以紫云车。洞闲水声远，月高蟾影孤。尔来未几岁，散尽高阳徒。洛阳重相见，绰绰为当炉。怪我苦何事，少年生白须。朋游今在否，落拓更能无。门馆恸哭后，水云愁景初。斜日挂衰柳，凉风生座偶。口口口（洒尽满）襟泪，短章聊口口（一书）此卷鉴藏印有“弘文之印”、“宣龢”、“政和”（连珠）、“宣和”、“政龢”、“内府图书之印”、“秋壑图书”、“张氏珍玩”、“北燕张氏珍藏”、“项子京家珍藏”、“张则之”、“蕉林居士”、“宋荦审定”、“张伯驹珍藏印”等，以及清代乾隆、嘉庆、宣统三帝御览及清内府鉴藏印11方，朱文）等张伯驹鉴藏印。此卷是唐代诗人、书法家杜牧的仅存墨迹，也是稀见的唐代名人书法作品之一。张好好是一名歌妓，容颜娇美，才华出众。杜牧的这首五言长诗，就是为她而作。诗中描写了作为少年歌妓的张好好始得高官沈传师宠遇，终因沈的去世而流落市井的不幸身世，寄托了对她的无限同情，是杜牧诗作名篇。诗载杜牧《樊川集》中，墨迹的末二句，因伤残缺“洒尽满”、“一书”五字，然不伤书诗的整体精神。该卷书用麻纸，制作相当精细。书用硬笔，笔法劲健，颇多叉笔。这些都是唐代书法的用纸、笔法的特点。《宣和书谱》一书评杜牧书法：“气格雄健，与文章相表里”，是说作者诗文、书法有统一的风格。卷前有宋徽宗赵佶书签“唐杜牧张好好诗”，并钤有宋徽宗御府的诸玺印，保存着北宋内府装潢式样。兹后曾递藏于宋贾似道、明项元汴、张孝思、清梁清标等人，乾隆年间入藏内府。据《式古堂书画记考·卷七》所记，该卷后元人诸跋，是从唐赵模《千字文》后移来。《宣和书谱》、《悦生所藏书画别录》、《平生壮观》、《大观录》、《吴越所见书画录》、《石渠宝笈·初编》等书著录。该卷曾被清逊帝溥仪携出宫外，流散民间后归张伯驹所有。1956年张伯驹先生将其捐赠政府，此珍贵文物重为故宫博物院收藏。
欧阳询行楷书卜商读书帖页,唐,http://www.dpm.org.cn/Uploads/Picture/dc/764.jpg,行楷书,欧阳询,《卜商读书帖》页，唐，欧阳询书，纸本，册页，纵25.7厘米，横16.5厘米，行楷书，6行53字。释文：“卜商讀書畢，見孔子。孔子問焉，何爲於書。商曰，書之論事，昭昭如日月之代明，離離如參辰之錯行，商所受于夫子者，志之於心，弗敢忘也。”这段文字见于《尚书大传》，是孔子与弟子卜商的一段对话。应是欧阳询当年著述手稿，收入他所著的《艺文类聚》卷五五《杂文部·读书》之中，与史籍相较，帖中个别字有出入。卜商是孔子弟子，字子夏，春秋时卫国人。师事孔子，师生间常有议论问答，极富哲理。此帖为双钩廓填本，墨气鲜润。从书法上看，笔法严谨又不失生动气韵，点画的起止处强化方切硬折。欧阳询晚年将北碑用笔特点融于二王书风，而兼容南北正是“欧体”独到之处。此为欧阳询代表作之一。此帖宋代藏于宋徽宗宣和御府，清代归安岐所有，后入乾隆内府，辑入《法书大观》册中。宋周密《云烟过眼录》，清卞永誉《式古堂书画汇考》、吴升《大观录》、安岐《墨缘汇观》等书著录。
唐人草书法华经玄赞卷,唐,http://www.dpm.org.cn/Uploads/tupianyingxiang/唐人草书法华经玄赞卷.jpg,草书,佚名,《法华经玄赞》卷，唐，纸本，草书，纵28.4厘米，横373.2厘米。此卷界乌丝栏，首尾皆缺，书者不明。书写内容为《法华经玄赞》，这是唐代玄奘法师的弟子窥基（632—682年）撰述的一部阐说《妙法莲华经》教义的专著。唐人写经多为楷书，草书者极为罕见。此卷行气均匀，风格典雅，字形虽小，但使转精妙，法度俨然，今草之中略带章草韵味，可与隋人《出师颂》及孙过庭《书谱》互参，应为初唐高手所写。鉴藏印有“罗振玉印”、“康生看过”等。
国诠楷书善见律卷,唐,http://www.dpm.org.cn/Uploads/Picture/2017/04/05/s58e450480bf37.jpg,楷书,国诠,《善见律》卷，唐，国诠书，纸本，楷书，纵22.6厘米，横468.8厘米。国诠，初唐经生，生平不详。此卷为其贞观廿二年（648年）十二月十日手抄小乘佛教律部重要经典《善见律》。字作典型的唐代“经生体”，结构谨严优美，笔画挺拔腴润，使转灵活生动。全文二百六十余行，四千四百多字，一笔不苟，整齐匀净，表现了书者虔诚的心境与深湛的功力，实为唐人小楷上乘之作。今日所见唐人写经主要为百年前敦煌藏经洞发现，多出民间写手，且断烂残破。此卷则为千年传世之本，首尾俱全。卷末题名中有“赵模监”、“阎立本总监”字样，赵氏为宫廷“搨书人”，曾摹《兰亭序》；阎氏后官至右相，曾绘《步辇图》。研究者据此认定此卷是当时奉敕所作的皇家珍品。同样难得的是此卷的传承过程。它曾入南宋内府，钤有高宗“绍兴”、理宗“缉熙殿宝”二玺；元代曾归赵孟頫、皇姊祥哥剌吉两大藏家；明代华夏、董其昌及清初王鸿绪曾藏；入清宫后著录于《秘殿珠林续编》。卷后赵孟頫、冯子振、赵岩、邢侗、董其昌等大家的题跋相互辉映，为之增重不少。
颜真卿行书湖州帖卷,唐,http://www.dpm.org.cn/Uploads/Picture/2017/04/05/s58e48c724bc16.jpg,行书,颜真卿,《湖州帖》卷，唐，传颜真卿书，纸本，行书，纵27.6厘米，横50.2厘米。释文：江外唯湖州最卑下，今年诸州水并凑此州入太湖，田苗非常没溺。赖刘尚书□抚，以此人心差安，不然，仅不可安耳。真卿白。鉴藏印有：宋“政和”两方（皆伪）、“绍兴”三方（右中左上两印伪）、“机暇清赏”、“内府书印”，元“北燕张氏珍藏”、“端本”，明洪武内府“司印”、“项墨林鉴赏章”，清“梁清标印”、“仪周鉴赏”等。此帖为传颜真卿所书的一通信札，讲述湖州地区发生水灾，百姓得到安抚一事。根据书写的内容和史料推测，书写时间应在唐大历七年（772年）以后，即颜真卿任职湖州刺史期间。但经专家鉴定，此帖非颜氏所书，理由如下：其一，书写所用纸张为加粉砑光的竹料纸，而这种纸在宋代才出现。其二，在书写风格方面作者用笔圆转连绵，侧媚多姿，墨色华润，与颜真卿所书《祭侄文稿》的悲切、《争座位帖》的激昂意态迥别，亦缺少颜书中锋多“屋漏痕”意。因此可推断此帖为宋人之仿本。清安岐《墨缘汇观》、卞永誉《式古堂书画汇考》著录。
柳公权行书兰亭诗卷（传）,唐,http://www.dpm.org.cn/Uploads/Picture/2017/04/05/s58e489654b9ef.jpg,行书,柳公权（传）,《兰亭诗》卷，传唐柳公权书，绢本，行书，纵26.5厘米，横365.3厘米。《兰亭诗》卷释文本幅无款印。卷前引首清乾隆皇帝行书题“笔谏遗型”，题签“兰亭八柱第四”，题记一段。又有瘦金体题签“唐柳公权书群贤诗”。卷后有宋邢天宠、杨希甫、习之、蔡襄（后添）、李处益、孙大年、王易、黄伯思（伪）、宋适，金王万庆，明王世贞（两段）、莫是龙、文嘉、张凤翼，清王鸿绪等题跋和观款。鉴藏印有宋“御书”、“双龙”、“宣龢”、“政和”、“内府图书”、“奉华宝藏”、“内府书印”、“睿思东阁”（以上均伪），以及宋“绍兴”，元“乔篑成氏”、“柯九思”（均墨印），明王世贞，清高士奇、王鸿绪、乾隆内府诸印。此书传为柳公权所书东晋穆帝永和九年（353年）三月三日，王羲之与谢安、孙绰等人在会稽（今浙江绍兴）兰亭修禊时与会者所赋的37首诗及诗序。诗后的题跋。明以后的题跋都是原有的，明以前的题跋除蔡襄、黄伯思外都是真迹，但全是后配，与本卷无关。本卷笔法僵硬粗糙，且多枯锋，但较自然率易。卷后宋代黄伯思尾题（伪）中云“传柳书”，细观之，个别字的用笔明显不是出自柳书，如：孙统四言诗中的“希”字、庾友四言诗中的“则”字、王涣之四言诗中的“足”字等末笔写的非常丑怪，字的结体亦多不够沉稳，失于浮躁，与柳氏所书王献之《送梨帖》后之题跋墨迹对比不但笔法不类，连结体也无丝毫相同之处。从诗文看，颇有不通处，如：把孙绰四言诗“怀彼伐木”误书为“怀彼代水”，把谢安四言诗“伊昔夫子”误书为“伊昔先子”。“伐木”是《诗经》中语，“夫子”是指孔丘，说明书写者是一位文墨不够精通之人。无论从艺术特征还是艺术水平来分析，该卷决非柳公权之笔。此卷断为宋以前抄本。从所录37首诗中可看出，个别用字不避宋讳，如谢安诗中“契慈玄执，寄教林丘”的“玄”字、王肃之诗中“嘉会欣时游，豁朗畅心神”的“朗”字等都没有避北宋始祖皇帝赵玄朗之讳。另外从书法的主体风格看，推测应写于唐代，与杜牧墨迹《张好好诗卷》大略相近，并且是信笔直书，不是临仿得来。作为唐抄古本，此卷与敦煌遗书中《文选·陆机短歌行等残卷》（伯2554）、《玉台新咏卷第二残卷》（伯2503）有同样的文学价值。宋《宝章待访录》，明《东图玄览》、《清河书画舫》、《清河见闻表》，清《珊瑚网书凭》、《式古堂书画汇考》、《大观录》、《石渠宝笈·续编》、《石渠随笔》著录。
颜真卿楷书竹山堂连句册,唐,http://www.dpm.org.cn/Uploads/Picture/dc/9623.jpg,楷书,颜真卿,《竹山堂连句》册，唐，传为颜真卿书，绢本，楷书，15开，各开纵28.2厘米、横13.7厘米不等。鉴藏印有宋“绍兴”、“御府之印”、“缉熙敬之”及明王世懋，清梁清标、安岐，近代叶恭绰，现代张珩等诸家鉴藏印。首开前裱边有楷书题签“颜鲁公竹山连句诗帖，上上品”一行。后纸有宋米友仁，清姚鼐、铁保三段题跋。唐大历九年（774年）三月，时任湖州刺史的颜真卿在朋友潘述家的“竹山堂”中与部属李萼、陆羽、释皎然、陆士修、韦介等人聚会饮宴，席间吟诗，每人依次各作两句，相联成篇，是为《竹山堂连句》。后传为颜氏书录，时颜氏66岁。此书原装裱形式是整幅，后割裱成册，几近百衲，章法已破。颜氏楷法一般横画细，竖画粗，雄强博大，气势磅礴，楷书墨迹首推《自书告身》，清雄严谨。而此书横、竖用笔毫无变化，无粗细之别，千篇一律，拘滞平板。然而册后米友仁奉宋高宗命跋尾两行，却是绍兴御府故物，可知此册裁减最迟不晚于绍兴时，但非颜氏墨迹。至于是唐人还是宋人的临本目前说法不一。明詹景风《东图玄览》，清顾复《平生壮观》、卞永誉《式古堂书画汇考》、安岐《墨缘汇观》著录。
柳公权行书蒙诏帖卷,唐,http://www.dpm.org.cn/Uploads/Picture/2017/04/05/s58e4898007962.jpg,行书,柳公权,"《蒙诏帖》卷，传为唐柳公权书，纸本，行书，纵26.8厘米，横57.4厘米。释文：公权蒙诏, 出守翰林，职在闲冷，亲情嘱托，谁肯响应，深察感幸。公权呈。鉴藏印有宋“绍兴”、“瑞文图书”、“贤志赏”，元“赵氏子昂”、“乔氏篑成”、“齐郡张绅士行”，明“冯氏鹿庵珍藏图籍印”，清“安岐之印”、“王常宗”、“陈氏彦廉”、“韩世能印”、“韩逢禧印”等。此帖传为柳公权写的一通信札，告诉对方自己年老体衰，能力有限，虽然有个闲官职位，可也不能为别人办什么大事，请谅解自己的难处。南宋所刻《兰亭续帖》中收有《翰林帖》（或称《蒙诏帖》），其文曰：“公权年衰才劣，昨蒙恩放出翰林，守以闲冷，亲情嘱托，谁肯响应，惟深察，公权敬白。”据文意推测该帖应写于文宗时柳氏任翰林院书诏学士期间，而本帖中的“出守翰林”在文辞上不符合当时居官者职守的称谓，因此可能是宋人据《翰林帖》的大意写出。书法的前四行用笔较雄畅，结字亦尚稳妥，而后几行用笔逐渐瘦薄，结字多松散，末行的“权”字笔画也不成结构，与柳氏遒媚劲健的书风悬殊较大。种种迹象表明，本帖非柳书，乃是宋人仿本。明詹景凤《东图玄览》、张丑《南阳书法表》、《真迹日录》，清安岐《墨缘汇观》著录。"
李白草书上阳台帖,唐,http://www.dpm.org.cn/Uploads/tupianyingxiang/李白草书上阳台帖.jpg,草书,李白,《上阳台帖》，唐，李白书，纸本，纵28.5厘米，横38.1厘米。草书5行，共25字。《上阳台帖》是李白所书自咏四言诗。释文：“山高水長，物象千萬，非有老筆，清壯可窮。十八日，上陽臺書，太白。”引首清高宗弘历楷书题“青蓮逸翰”四字，正文右上宋徽宗赵佶瘦金书题签：“ 唐李太白上陽臺”一行。后纸有宋徽宗赵佶，元张晏、杜本、欧阳玄、王馀庆、危素、驺鲁，清乾隆皇帝题跋和观款。卷前后及隔水上钤有宋赵孟坚“子固”、“彜齋”、贾似道“秋壑圖書”，元“張晏私印”、“歐陽玄印”以及明项元汴，清梁清标、安岐、清内府，近代张伯驹等鉴藏印。这是李白传世的唯一书迹。其落笔天纵，收笔处一放开锋，宋黄庭坚评李白：“及观其稿书，大类其诗，弥使人远想慨然。白在开元、至德间，不以能书传，今其行、草殊不减古人。”(《山谷题跋》)此帖曾入宣和内府，后归贾似道，元代曾经张晏处，明藏项元汴天籁阁。清代先为安岐所得，再入内府，清末流出宫外。民国时入张伯驹手，新中国成立后献给国家。1958年此帖转交故宫博物院收藏。清安岐《墨缘汇观》、内府《石渠宝笈·初编》等书有著录。
冯承素行书摹兰亭序卷,唐,http://www.dpm.org.cn/Uploads/Picture/2017/04/21/s58f9aaae8d392.jpg,行书,冯承素,"《冯摹兰亭序》卷，唐，冯承素摹，纸本，行书，纵24.5厘米，横69.9厘米。此本用楮纸两幅拼接，纸质光洁精细。因卷首有唐中宗李显神龙年号小印,故称“神龙本”。后纸明项元汴题记：“唐中宗朝馮承素奉勒摹晉右軍將軍王羲之蘭亭禊帖”，后世鉴藏家依此定为冯承素摹本。此卷前纸13行，行距较松；后纸15行，行距趋紧，然前后左右映带，攲斜疏密，错落有致，通篇打成一片，优于其它摹本。用笔俯仰反复，笔锋尖端锐利，时出贼毫、叉笔，既保留了照原迹勾摹的痕迹，又显露出自由临写的特点，摹临结合，显得自然生动，并具一定的“存真”的优点，在传世摹本中最称精美，体现了王羲之书法遒媚多姿、神情骨秀的艺术风神，为接近原迹的唐摹本。据考，卷首“神龙”半印小玺并非唐中宗内府钤印，而是后人所添，定冯承素摹也不可信，但仍是唐以来流传有绪的古摹本。本卷前隔水有“唐摹兰亭”四字标题。引首乾隆御题“晋唐心印”四字。后纸有宋至明20家题跋、观款。钤鉴藏印180余方。其流传经过，根据各题跋、印记和各家著录，大致如下：南宋高宗、理宗内府、驸马都尉杨镇，元郭天锡，明内府、王济、项元汴，清陈定、季寓庸、乾隆内府。历代著录有：明汪砢玉《珊瑚网·书录》、吴其贞《书画记》，清卞永誉《式古堂书画汇考·书考》、顾复《平生壮观》、吴升《大观录》、阮元《石渠随笔》、《石渠宝笈·续编》等。刻入“兰亭八柱”，列第三。"
虞世南行书摹兰亭序卷,唐,http://www.dpm.org.cn/Uploads/Picture/2017/04/21/s58f9ca95c0b9a.jpg,行书,虞世南,《虞摹兰亭序》卷，唐，虞世南摹，纸本，行书，纵24.8厘米，横57.7厘米。此本质地为白麻纸，系唐代物，一些字有明显勾笔痕迹，当属唐人勾摹本。此卷直至明代，一直被认为是褚遂良摹本，后董其昌在题跋中认为“似永兴（虞世南）所临”，后世就改称为虞世南摹本，清代梁清标还在卷首题签“唐虞世南臨禊帖”。因卷中有元代天历内府藏印，故亦称“天历本”。此卷用两纸拼接，各14行，排列较松匀，近石刻“定武本”。但点画与褚遂良摹本相近，点画较圆转，少锐利笔锋。勾描的墨色清淡，气息古穆。据考证，此本当为唐代辗转翻摹之古本。卷中共有宋、明、清诸家题跋、观款17则，钤印104方，另有半印5方。其中前拼纸上所钤元内府“天曆之寶”朱文印、后拼纸下所题小楷“臣张金界奴上进”一行，均真。后隔水所钤宋内府印，以及第一尾纸上宋代魏昌、杨益题名和明初宋濂跋均系后配。以后接纸上的明人题跋、观款，均真。此卷历经南宋高宗内府、元天历内府、明杨士杰、吴治、董其昌、茅止生、杨宛、冯铨，清梁清标、安岐、乾隆内府等处收藏。曾著录于明董其昌《画禅室随笔》、张丑《真迹日录》、《南阳法书表》、汪砢玉《珊瑚网·书录》，清吴升《大观录》、安岐《墨缘汇观》、阮元《石渠随笔》及《石渠宝笈·续编》等书。清代刻入“兰亭八柱”，列为第一。
杨凝式草书夏热帖,五代,http://www.dpm.org.cn/Uploads/Picture/2017/04/21/s58f9ac4641a8a.jpg,草书,杨凝式,《夏热帖》，五代，杨凝式书，纸本，手卷，纵23.8厘米，横33厘米。草书8行，共32字。《夏热帖》是杨凝式写的一封信札。内容大致是，因天气炎热，送给僧人消夏饮料“酥密水”表示问候。释文：“凝式啓：夏熱體履佳宜，長□酥密水，即欲致法席，苦□□□乳之供，酥似不如也。(以下数字残损难识)病？(下二行残损)。”首署款：“凝式”。后纸有宋王钦若，元鲜于枢、赵孟頫，清张照题跋及乾隆皇帝的释文。卷前后及隔水上钤有宋“賢志堂印”，元赵孟頫，明项元汴，清曹溶、纳兰成德、清内府等鉴藏印。另有数方古印不辨。此帖是杨凝式唯一的传世草书作品，书法兼取唐颜真卿、柳公权笔法，体势雄奇险崛，运笔爽利挺拔，《神仙起居法》有异曲同工之妙，为杨凝式书法代表作品作之一。此帖曾刻入《三希堂法帖》。明汪砢玉《珊瑚网书跋》，清吴其贞《书画记》、顾復《平生壮观》、卞永誉《式古堂书画汇考》、内府《石渠宝笈·初篇》等书著录。
杨凝式草书神仙起居法卷,五代,http://www.dpm.org.cn/Uploads/Picture/2017/04/21/s58f9abcadf268.jpg,草书,杨凝式,《神仙起居法》卷，五代，杨凝式书，纸本，手卷，纵27厘米，横21.2厘米。草书8行，共85字。《神仙起居法》是杨凝式书写的古代一种健身，文体近似口诀。释文：“神仙起居法。行住坐臥處，手摩脅與肚。心腹通快時，兩手腸下踞。踞之徹膀腰，背拳摩腎部。才覺力倦來，即使家人助。行之不厭頻，晝夜無窮數。歲久積功成，漸入神仙路。乾祐元年冬殘臘暮，華陽焦上人尊師處傳，楊凝式(下一草押)。”后纸有宋米友仁，元商挺，清张孝思题记及无名氏行书释文5行。卷前右下角有明项元汴“摩”字编号。卷前后及隔水上钤有宋“紹興”、“內府書印”，明杨士奇、陈淳、项元汴，清张孝思、陈定、清内府等鑑藏印。此卷最早为宋高宗内府之物，后入贾似道手中，至明代曾经“江阴葛惟善收藏”(都穆《寓意编》)，《清河书画舫》又称“郡人王氏所藏”，明代为项元汴所有，至清代乾隆时进入内府。书法由唐到宋，杨凝式是一转折人物，苏轼评曰：“自颜、柳没，笔法衰绝。加以唐末丧乱，人物凋落，文采风流扫地尽矣。独杨公凝式笔迹雄杰，有二王、颜、柳之余，此真可谓书之豪杰，不为时世所汩没者。”此幅小行草书是杨凝式七十六岁时的作品，笔法劲逸，转侧多变。用墨浓淡相间，时有枯笔飞白。书字的结势于攲侧险劲中求平正，且行间字距颇疏，在继承唐代书法的基础上，以险中求正的特点创立新风格，尽得天真烂漫之趣。此书是杨凝式行草书传世作品的代表作，对宋代书法影响较大。明朱存理《铁網珊瑚》、都穆《寓意编》、张丑《清河书画舫》，清卞永誉《式古堂书画汇考》、顾复《平生壮观》、吴升《大观录》、清内府《石渠宝笈·三编》、胡敬《西清札记》等书有著录。
行草书三札帖卷,宋,http://www.dpm.org.cn/Uploads/Picture/2023/05/15/s6461d6d6dc38c.jpg,行草书,文彦博,《行草书三札帖》卷，宋，文彦博，纸本纵43.5cm，横222cm。 文彦博（1006—1097），字宽夫，号伊叟，汾州介休（今属山西）人。宋天圣五年（1027）进士。北宋著名政治家、书法家，“介休三贤”之一。文彦博历仕仁、英、神、哲四朝，出将入相五十年，被世人视为一代贤相。 此三札均为文彦博任职河南府时所作，书法为其晚年风格。文彦博书法远学“二王”，近师颜真卿、杨凝式等。全帖通篇率性挥毫，用笔爽健清劲，将篆籀笔意融入行草，墨色枯湿亦变化强烈。
行书周易系辞本义手稿卷,宋,http://www.dpm.org.cn/Uploads/Picture/2023/06/13/s6487e28a3ff80.jpg,行书,朱熹,《行书周易系辞本义手稿》卷，宋，朱熹，纸本，纵25.3cm，横151cm 朱熹（1130—1200），字元晦，又字仲晦，号晦庵，晚称晦翁，徽州府婺源县（今江西婺源）人。宋绍兴十八年（1148）十九岁时进士及第。南宋思想家、教育家。为官清正，尤重教育。朱熹为理学集大成者，其思想理论一度成为科场程式。 《周易本义》为朱熹对《周易》的注解，明以后列为官方教材。《周易》分《经》《传》两部分。《经》记述卦辞、爻辞，作占卜之用；《传》收录解释卦、爻的文辞十篇，又称《十翼》，《系辞（上、下）》，为其中之二。本卷即为朱熹《周易本义》中《系辞》部分的手稿残卷。
范仲淹行书二札帖,宋,http://www.dpm.org.cn/Uploads/Picture/dc/800.jpg,行书,范仲淹,《二札帖》，宋，范仲淹书，边事帖，粉花笺本，纵30.5厘米，横42厘米，行书，13行93字。远行帖，纸本，纵31.1厘米，横39厘米，行书，11行90字。二札即边事、远行二帖，为两通书札。边事帖又称乡曲帖，释文：“仲淹再拜，知府刑部仁兄：伏惟起居萬福。施鄉曲之惠，占江山之勝，優哉樂乎。此間邊事，夙夜勞苦。仗朝廷威靈，即目寧息，亦漸有倫序。鄉中交親俱荷大庇，幸甚。師道之奇，尤近教育，乞自重，自重。不宣。仲淹拜上，知府刑部仁兄左右。三月十日。”信中“知府刑部”即富严，曾官刑部郎中，此时正在苏州知府任上。范仲淹本苏州人，因此对富严给予自己家乡亲人的关照深表谢忱。而仲淹这时则远离故乡，以陕西招讨使的身份，率部戍边，抗击西夏。故信中说：“此间边事，夙夜劳苦。”远行帖也称修答帖，释文：“仲淹再拜，運使學士四兄：兩次捧教，不早修答，牽仍故也。吳親郎中經過有失款待，乞多謝。吾兄遠行，瞻戀增極，萬萬善愛，以慰貧交。蘇醖五瓶，道中下藥。金山鹽豉五器，別無好物，希不責。不宣。仲淹再拜，象山學士四哥座前。八月五日。”此两帖书法瘦硬方正，清劲中有法度。人常将此书风喻其人品，称“公书庄严清澈，信如其品”。此二帖钤“吴郡张顷“”仲均父““东山王氏传家之宝庆”（半印），“振叔”“尊口祠院记”“嗣康”“招隐蒋氏”“至乐胡”及清乾隆、嘉庆、宣统内府鉴藏诸印。清阮元《石渠随笔》、内府《石渠宝笈·续编》等书著录。
李建中行书贵宅帖,宋,http://www.dpm.org.cn/Uploads/Picture/dc/795.jpg,行书,李建中,《贵宅帖》，宋，李建中书，纸本，册页，纵31厘米，横27.5厘米，行书，9 行140字。释文：“貴宅諸郎各計安侍奉，所示請改章服。昨東封須得出身歷任家狀一本，並須齎擎官告敕牒去，未審此來如何行遣也。兼爲莊子事，已令彼僧在三學院安下，近已往彼去來回。此莊始初見說甚好，只是少人管勾，若未貨，可且收拾課租，亦是長計，不知雅意如何也。侯親家亦言可惜拈卻。建中（花押）諮。劉秀才久在科場，洛中拔解，今西遊兼欲祗侯府主，希略一見也。”“谘”同咨，是公文的一种。宋代百官有事申述，皆用“状”，唯学士院用咨报，由当值学士一人押字。《贵宅帖》就是这样一篇咨文。文中主要说了三件事：先说与“东封”有关事宜，“东封”是指大中祥符元年（1008年）宋真宗封祀泰山之行；再谈“庄子事”；最后提到“刘秀才”，此人可能即《同年帖》中李建中的女婿刘仲谟。《贵宅帖》作于李建中64岁时，书风沉着朴厚，具其所特有的“风骨俊整，骨肉停匀”的艺术美感。帖后明代刘日升七言诗题，称建中书有钟(繇)、王(羲之)法度，足以令后学者效法。此帖钤“东山”“无恙”及项元汴诸鉴藏印。明汪珂玉《珊瑚网书跋》、郁逢庆《郁氏读书画题跋记》、吴其贞《吴氏书画记》，清卞永誉《式古堂书画汇考》、顾复《平生壮观》等书著录。
李建中行书同年帖,宋,http://www.dpm.org.cn/Uploads/Picture/2019/06/25/s5d118efa1fdd1.jpg,行书,李建中,《同年帖》， 宋，李建中书，纸本，册页，纵33厘米，横51厘米，行书，15行134字。《同年帖》又称《金部帖》、《披风帖》，释文：“金部同年，載喜披風，甚慰私抱，殊未款曲。旋值睽離，必然來晨朝車行邁，適蒙示翰，愈傷老懷，惟冀保愛也。萬萬，不勝消黯。見（现）女夫劉仲謨秀才並第二兒子在東京，相次發書去。如有事，希周庇也。建中簡上，金部同年，九月十六日。《湯世帖》碑文三道，略表西京之物也。《懷湘南》拙詩，附上。同院劉學士騭。同年邵兵部，希差人通達，或與面聞也。建中又白。”这是李建中写给“金部同年”的一封信，主要是托他照顾在东京汴梁的女婿刘仲谟与其次子李周士。“金部”属户部，“同年”是指同榜科举者。李建中也曾在金部供职，而此时正在西京洛阳作官，所以帖中说“略表西京之物”。此帖书法用笔苍老圆厚，形体紧结取敛势，圆转飘逸。后人评价：“西台(指李建中)书去唐人未远，犹有唐人余风。”其书风实开宋人尚意之先声，若与个性鲜明的宋诸家相较，则以典重温润取胜。《同年帖》原是李建中《六札卷》之一，明末清初为人分拆。除此帖外，尚存《贵宅帖》、《土母帖》，余者不知下落。钤“东山”“无恙”及项元汴诸鉴藏印。明汪珂玉《珊瑚网书跋》、卞永誉《式古堂书画汇考》、郁逢庆《郁氏读书画题跋记》，清吴升《大观录》等书有著录。
黄庭坚草书浣花溪图引卷,宋,http://www.dpm.org.cn/Uploads/Picture/2017/04/05/s58e450480df35.jpg,草书,黄庭坚,"《浣花溪图引》卷，宋，黄庭坚书，纸本，草书，纵35.5厘米,横391.4厘米。释文：［拾］［遗］［流］［落］［锦］［官］城，故人作尹眼［为］［青］。碧鸡坊西［结］茅屋，百花［潭］［水］濯冠缨。［故］［衣］未补新衣［绽］，空［蟠］胸中书万［卷］。探道欲度［义］皇前，论诗未［觉］国风远。干［戈］峥嵘暗寓县，杜陵韦［曲］［无］鸡犬。老妻稚［子］且眼前，［弟］［妹］漂零不相［见］。［此］翁乐易极可［人］，［园］翁溪友肯［卜］邻。［邻］［家］有酒邀皆去，得意鱼鸟［来］［相］亲。浣花酒舩散车骑，野[墙］［］无主看桃李。［宗］［文］守家宗武扶，［落］日蹇驴驮［醉］起。愿闻解［鞍］脱兜鍪，老［儒］［不］用千户侯。［中］原未得平安［报］，醉［里］眉攒万国［愁］。生綃铺墙粉［墨］落，平生忠［义］［今］寂寞。儿呼不［苏］驴失脚，犹［恐］［醒］来有新作。［长］［使］诗人拜画［图］，［煎］胶续絃千古无。（注：［］内字为后补。）鉴藏印有“绍兴”、“内府书印”、“贞元”、“乾坤清赏”、“有明王氏图书之印”及清嘉庆内府诸印等。卷后有明吴宽、王世贞跋。此卷为火烧残本，后经明代夏德声补齐（见释文中［］内字）。此卷见载于《山谷外集》，作于北宋元祐三年（1088年），黄庭坚时年42岁。作品笔法苍老，多骨少肉，具有作者晚年书法的风格特征。卷后明王世贞跋中评道：“……老杜浣花溪图引也。歌词力欲求奇，然是公最合作语。书笔横逸疏荡，比素师饶姿态，亦稍平易可识。而结法之密、腕力之劲、波险神奇，似小不及也……。”可知书“素师”是指唐代著名书家怀素，王世贞对黄庭坚与怀素书法特点的比较非常准确。此件作品虽然残处较多，仍不失为佳作。著录于《孙氏书画钞》上册、《石渠宝笈三编·延春阁》。"
黄庭坚行书惟清道人帖页,宋,http://www.dpm.org.cn/Uploads/Picture/dc/19327.jpg,行书,黄庭坚,《惟清道人帖》页，宋，黄庭坚书，纸本，行书，纵29.3厘米，横31.8厘米。释文：惟清道人本贵部人，其操行智识，今江西丛林中未见其匹亚。昨以天觉坚欲以观音召之，难为不知者道，因劝渠自往见天觉，果已得免，天觉留渠府中过夏。想秋初即归过邑，可邀与款曲。其人甚可爱敬也。或闻清欲于旧山高居筑庵独住，不知果然否？得渠书，颇说后来草堂少淹留也。庭坚叩头。鉴藏印有“缉熙殿宝”、项元汴诸印、“仪周珍藏”等22方，半印5方。《惟清道人帖》中作者记录了惟清道人的操行品质及其与张商英（天觉）的交往。黄庭坚于北宋绍圣元年（1094年）在江西分宁，从帖文分析，此帖当书于其年夏日，时年51岁。帖中所提之惟清道人在《嘉泰录》卷六中有所记载，俗姓陈，南州武宁（在江西）人，为江西隆兴府黄龙寺禅师，北宋政和七年（1117年）卒。此帖行书行间宽绰而字间紧密，笔画多取横势，结体欹侧，左低右高，有峭拔之态，充分体现了黄庭坚小行书的特点，为其代表作品。此帖为清宫旧藏，收在《法书大观册》内。乾隆帝题赞“凌冬老干偃蹇岩壑”（《三希堂法帖》卷十三可见），后此赞墨迹及清内府藏印被挖去。著录于《妮古录》卷四、《平生壮观》卷二、《墨缘汇观》法书卷上。
苏轼行书题王诜诗帖页,宋,http://www.dpm.org.cn/Uploads/Picture/dc/19325.jpg,行书,苏轼,《题王诜诗帖》页，宋，苏轼书，纸本，行书，纵29.9厘米，横25.7厘米。释文：晋卿为仆所累，仆既谪齐安，晋卿亦贬武当。饥寒穷困，本书生常分，仆处之不戚戚。固宜。独怪晋卿以贵公子罹此忧患而不失其正，诗词益工，超然有世外之乐。此孔子所谓可与久处约，长处乐者耶。元祐元年九月八日苏轼书。北宋元祐元年（1086年）苏轼年49岁。本帖钤“金巩伯精鉴印”“景行维贤”“小如庵秘笈”“卞令之鉴定”等鉴藏印四方，左右各有“式古堂”等半印六方。此帖原装于王诜《颖昌湖上诗，蝶恋花词卷》后，但非此卷原配，而是从别处挪移而来。《石渠宝笈续编》著录。该帖是苏轼为王诜自书诗所作的题跋，记述了王诜因受其累而贬至武当，然仍醉心于诗词，有世外之乐。此跋在《东坡集》卷六五有记载。《东坡集》卷一三中还有苏轼另一跋“和王晋卿诗、并叙”的记载：“元丰二年，予得罪贬黄州，而驸马都尉王诜亦坐类远谪，不相闻者七年。予既召用，而诜亦还朝，相见殿门之外，感叹之余，做诗相属。词虽不慎工，然托物悲慨厄穷而不怨，泰而不骄，怜其贵公子有志如此，故和其韵。”以上两段跋文再结合《宋史》卷二四八《公主传》中的史料，证明了王诜的贬官一方面是受苏轼的牵连，另一方面是因为得罪了他的妻子魏国大长公主。该帖笔丰墨满，结体长短交错，纵横抑挫，富有动感。虽是叙事而兼有议论，充满感情色彩，是为知己而作。
王诜行草书自书诗卷,宋,http://www.dpm.org.cn/Uploads/Picture/2017/04/05/s58e48bb75ffed.jpg,草书,王诜,《自书诗》卷，宋，王诜书，纸本，行草书，纵31.3厘米，横271.9厘米。释文：余前年恩移清颍，道出许昌，前途小阻，留西湖之别馆者几一月。常与韩持国、范景仁泛舟啸咏，使人顿忘去国流离之恨也。韩公德性温厚，风度高雅，固已可爱；范公虽老而精神不衰，议论纯正，白须红面，动辄醺酣。时余有所赋咏，公即取红莲叶命笔疾书，初不经思，佳辞丽句，顷刻而成，坐客莫不惊叹也。比闻朝庭就除端明殿学士以宠之，因思方今进任老成，如公者，若再起之，亦足以厚风俗耳。颍昌湖上。余有赠诸公诗，其略曰：“清影十分月，暗香千柄莲。不知从此别，高会复何年？”韩公诗曰：“浩歌轻白雪，密意得青莲。诗就西桥月，留为好事传。”而蜀公云：“惯乘霄汉鹤，翻说淤泥莲。可惜玉台处，等闲闲几年。”盖公不喜释氏，故有是句，亦可一笑也。小雨初晴回晚照，金翠楼台倒影芙蓉沼。杨柳垂垂风袅袅，嫩荷无数青钿小，似此园林无限好，流落归来到了心情少。坐到黄昏人悄悄，更应添得朱颜老。右蝶恋花。余旧不饮酒，近年辄能饮，故多醉中所书耳。卷前有康有为题，卷后有清乾隆皇帝御笔题识、彭元瑞书曹溶跋。鉴藏印有“绍兴” 、“内府书印”、明张雨，清卞永誉，近代完颜景贤、金城、叶恭绰、王南屏及清乾隆内府诸印。本卷分三段，首段记述了作者在去清颍途中受阻，与韩维（持国）、范镇（景仁）泛舟于西湖啸咏之事；中段与末段分别为三公在颍昌湖上诗作及王诜和蝶恋花词一阙。《宋史》记载，韩维在宋哲宗刚登基时上表推荐范镇，因为范在宋神宗时于建储有功，于是拜范为端明殿学士兼侍读，即文中所称“比闻朝廷就除端明殿学士以宠之”。由此可知，该帖应书于北宋元祐初年（1086年）。“余前年恩移清颍”中的“前年”是指北宋元丰七年（1084年）。其时韩、范二人亦居于许昌，颍昌湖即文中所称西湖，位于许昌的西北，所以，三人可以相遇于西湖游宴赋诗。该卷虽系以诗词和友有伤感流连之意，但下笔痛快淋漓，结体紧实，笔多横放，锋芒毕露，独具风貌。《吴氏书画记》卷六将此卷误称为黄庭坚书，至曹溶跋方为纠正。之后，《式古堂书画汇考》卷一二、《墨缘汇观》续录、《石渠宝笈·续编》淳化轩、《壮陶阁书画录》、《三虞堂书画目》等均改为王诜书。
苏轼行书归院帖页,宋,http://www.dpm.org.cn/Uploads/Picture/dc/19321.jpg,行书,苏轼,《归院帖》页，宋，苏轼书，纸本，行书，纵35.1厘米，横12.4厘米。释文：此虽云同归院，亦不云宿于院中。不知别有文字，证得是宿学士院为复。只是公家传说如此，乞更批示。轼白。今当改云宿学士院为复，且只依旧云宿待漏舍，幸批示。鉴藏印钤“子孙永保“、”项氏子京“、”项墨林父秘笈之印“、”退密“、”宣统御览之宝“等五方。此帖是《宋人法书六种》卷之一，叙述了批示“同归院”、“宿学士院”、“宿待漏舍”三个名称统一之事。从帖文中可知，该帖是苏轼做翰林学士时所书，时间应为北宋元祐元年至四年之间（1086―1089年），苏轼时年51至54岁。前人虽云苏轼书学颜真卿、杨凝式，但实际受徐浩行书的影响最深。此帖笔致萧散，结态随意，似不经意而笔到法随，已不见学古痕迹。诚如苏轼自己所说：“不践古人，自出新意。”虽短短五行，已臻化境。《石渠宝笈续编》重华宫著录。
苏轼行书春中帖页,宋,http://www.dpm.org.cn/Uploads/Picture/dc/19318.jpg,行书,苏轼,《春中帖》页，宋，苏轼书，纸本，行书，纵28.2厘米，横43.1厘米。释文：轼启。春中□□□□达，久不闻□渴仰增积。比日履兹馀□尊候何似，眷聚各无恙。轼蒙庇如昨。二哥□，春□□□有书问往还，甚安也。子由不住得书，甚健。会合何时，惟祝倍万保啬，不宣。轼再拜。德孺运使金部老弟左右。七月廿六日。本帖鉴藏印有“奎章阁鉴书博士”、“柯氏清玩”、“柯九思鉴□真迹”、“江恂”、“王禹卿氏”。此帖是苏轼写给范纯粹（德孺）的信札。范纯粹是北宋著名政治家、文学家范仲淹的第四子。宋神宗元丰年间，共有五路军团出兵讨伐西夏，其中包括由高遵裕率领的环庆军和由刘昌祚率领的泾原军。《宋史》卷三一四《范纯粹本传》记载，北宋元丰末年，范纯粹因调和讨伐西夏的遵裕、昌祚两路军的矛盾有功，神宗将他由陕西转运判官进为转运副使，这与帖中德孺之官衔“运使金部”是一致的。据此可知，此信札的书写时间应为元丰末年，即元丰七八年间（1084—1085年），苏轼年约50岁左右。帖中“二哥”是指范纯仁（范仲淹次子）。此帖笔法自然流畅，寓巧于拙，仪态淳古，有浑厚凝重之韵致。虽有缺字、残损，仍不失为苏轼中年时期的上乘之作。
李之仪行书汴隄帖页,宋,http://www.dpm.org.cn/Uploads/Picture/dc/19317.jpg,行书,李之仪,《汴隄帖》页，宋，李之仪书，纸本，行书，纵28.3厘米，横35.8厘米。释文：之仪再拜启。自汴隄瞻近，遽复累年。一曾投书海上，不辱报，勿勿不敢嗣音，而旧德相求。庶几未在弃黜，故役投满，谓得还□遂见□右。又尔维絷，其味可知，美绩在人固久。显部回翔，讵得为终岁计。归历严近，勤向尤属，晚春更觊善卫，前对光宠。之仪再启。鉴藏印记有“宋荦审定”、“淞洲”、“皇十一子成亲王诒晋斋图书印”、“莲樵鉴赏”、“莲樵曾观“、”江恂之印“、”德“”量“、”南韵斋“等。《汴隄帖》是李之仪致友人应酬问候的信札。此帖笔画劲媚，结构紧凑，重心于上，展示了李之仪的书法特点。著录于李佐贤《书画鉴影》卷十一，为《名贤手简册》之一。
吴琚行书杂诗帖卷,宋,http://www.dpm.org.cn/Uploads/Picture/2017/04/21/s58f9abcaddeec.jpg,行书,吴琚,"《杂诗帖》卷，宋，吴琚书，纸本，手卷，六段，尺寸分别是：1、纵25.6厘米，横20.5厘米； 2、纵22.6厘米，横18.1厘米；3、纵24厘米，横16.2厘米；4、纵25.2厘米，横19.4厘米；5、纵26.1厘米，横24.2厘米；6、纵25.1厘米，横23厘米。行、草书,37行。此卷以行、草书杂录前人诗句共十则，书于十纸之上，裱为六段，其中数则有缺佚字句。十则释文：一、“青山自是絕色，無人誰與爲容。說向市朝公子，何殊馬耳東風。”二、“寄語庵前抱節君，与君到處合相親。寫真雖是文夫子，我亦真堂作記人。”三、“擇材征南慕，潮落回鯨魚。載感賈生慟，復聞樂（下缺）”四、“擢天門，費厚坤。直帝閽，鬱孤褰。汙鼇黿，崑崙（缺一字）。一峰蹲，勢雄尊。恍仙村，鵉鶴飜。樓觀掀，金碧紫（此字點去）繁。出（下缺）”五、“將欲移。芳樹垂綠葉，清雲自逶迤。四時更代謝，日月遞差馳。徘徊空（上下缺）”六、“回身入空房，託夢通精誠。人欲天不違，何懼不合并。”七、“扶桑升朝暉，照此高臺端。高臺多妖麗，浚房出清顔。淑貌耀皎口，惠心清且閑。美目揚（下缺）”八、“一尾追風抹萬蹄，昆侖玄圃謂朝隮。首（此字點去）回看世上無伯樂，卻道鹽車勝月題。”九、“謁帝承明廬，逝將歸舊疆。清晨發皇邑，日夕過首陽。伊洛廣且深，欲濟川無梁。”十、“慮澹物自輕，意愜理無違。寄言攝生客，試用此道推。”此帖点划精意且多变化，风格生动自然，极似米芾书体，故尾纸清人曹溶题跋称此帖乃米芾所书，系误断。吴琚书虽极似米芾，然圆熟婉转，欹正互补，与米芾紧结险峻之风自有不同。本幅无款署，钤“默盫”两方，另钤“默盫”半印两方以此知为吴琚所书。鉴藏印有“曹溶之印”、“洁躬”、“张伯驹印”、“京兆”等。此帖曾为清代张应甲收藏，后归张伯驹。1956年由张伯驹夫妇捐献故宫博物院。"
范仲淹楷书道服赞卷,宋,http://www.dpm.org.cn/Uploads/Picture/2023/01/29/s63d6054bbfaab.jpg,楷书,范仲淹,"《道服赞》卷，宋，范仲淹书，纸本，手卷，纵34.8厘米,横47.9厘米。楷书8行。 后纸有文同、吴立礼、戴蒙、柳贯、胡助、刘魁、戴仁、司马垔、吴宽等多家题跋。钤鉴藏印：“高阳图书”、“寿国公图书印”、“东汉太尉祭酒家学”、“十六世孙主奉右胜谨藏图书”、“怀州军康记”等多方，另钤清梁清标、安岐诸印，又清乾隆、嘉庆、宣统内府诸印。此帖是范仲淹为同年友人“平海书记许兄”所制道服撰写的一篇赞文，称友人制道服乃“清其意而洁其身”之举。宋代文人士大夫喜与道士交往，“道家者流，衣裳楚楚。君子服之，逍遥是与。”穿着道服，遂成一时风气。此卷行笔清劲瘦硬，结字方正端谨，风骨峭拔。时人称此帖“文醇笔劲，既美且箴”。此卷经《铁网珊瑚》、《清河书画舫》、《清河见闻表》、《式古堂书画汇考》、《平生壮观》、《大观录》、《墨缘汇观》、《石渠宝笈·初编》等书著录。刻入明文徵明《停云馆帖》、乾隆内府《三希堂法帖》。曾经宋范氏义庄，清安岐、清内府等收藏，后归张伯驹。 1956年张伯驹夫妇将其捐献故宫博物院。"
张即之行书台慈帖,宋,http://www.dpm.org.cn/Uploads/Picture/dc/3441.jpg,行书,张即之,《台慈帖》，宋，张即之书，纸本，册页，1页，纵30.9厘米，横43.1厘米，行书，14行，109字。《台慈帖》释文：即之伏蒙台慈寵賜寶墨，仰體記軫之厚。即之年來衰病日侵，視聽久廢。兩月前忽得小府癃疾，訖今未愈，不容親具稟謝之幅。仰乞台照，垂喻備悉。昨來大字，已曾納去，若小字，則目視茫茫，如隔煙霧，度不復可下筆矣。切幸加亮。右謹具申呈。二月日。中大夫直秘閣致仕張即之劄子。本幅有宋荦、江恂、成亲王、潘仕成、绵亿等人鉴藏印。此帖内容为应酬类信札。结衔称“致仕”，应作于景定年间，为张氏老年之笔。《台慈帖》书法运笔提顿幅度明显，点划虚实相映，线条粗细变化与写经书颇似。结字严整奇伟，布白疏朗而有新意，确如文徵明所言：“即之，安国（张孝祥）之后……骨力健劲，大类安国所书，稍变而刻急，遂自名家。”清李佐贤《书画鉴影》著录，文物出版社《宋人书翰》册影印，刻《海山仙馆藏真帖》。
葛长庚草书足轩铭卷,宋,http://www.dpm.org.cn/Uploads/Picture/2017/04/05/s58e488fa875e8.jpg,草书,葛长庚,《足轩铭》卷，宋，葛长庚书，纸本，手卷，纵32.5厘米，横81.5厘米，草书，22行，195字。《足轩铭卷》释文：寄题足轩。奉似吾友周耎长高士，紫清白玉蟾。一丘一壑志愿足，始缝掖时文史足。不肯桒行礼自足，指此鉴心信知足。老氏宁馨一夔足，静观平生万事足，何必封侯然后足。有人冷笑貂不足，护元气如护手足。拟待登天欠两足，使子果然功行足。为须司命来是足，莫学神王无厌足。羞使瞿昙福慧足，极国阎王伊多足。仙人自合断鳌足，更施所养补未足。如彼江上一犁足，亦如人国兵食足。所谓平生万事足，宝庆丙戌万事足。乃见止□此神足，道无死生无不足，是以此轩名曰足。本幅钤项元汴、耿嘉祚、安岐、乾隆内府、永瑆、绵亿、奕绘、吴湖帆等诸鉴藏印。卷后元虞集，明项元汴，清永瑆、守虚子、绵亿、崇恩，近代吴湖帆、潘静淑题跋。署年款“宝庆丙戌”，为南宋理宗宝庆二年（1226年），葛长庚时年33岁。此件书法笔势清劲爽健，用意超凡脱俗，有晋人风度，为名家精品，世所罕见。清顾复《平生壮观》、安岐《墨缘汇观》等书著录。
张即之行书双松图歌卷,宋,http://www.dpm.org.cn/Uploads/tupianyingxiang/null-新00145905-张即之楷书古松诗卷（附宋人古柏图）-全卷_201741213314.jpg,行书,张即之,《双松图歌》卷，宋，张即之书，纸本，手卷，纵33.8厘米，横1196厘米，行书，72行，144字。《双松图歌》为杜甫诗《戏为双松图歌韦偃画》，释文：天下幾人畫古松，畢宏已老韋偃少。絕筆長風起纖末，滿堂動色嗟神妙。兩株慘裂苔蘚皮，屈鐵交錯迴高枝。白摧朽骨龍虎死，黑入太陰雷雨垂。松根胡僧憩寂寞，龐眉皓首無住著。偏袒右肩露雙腳，葉裏松子僧前落。韋侯韋侯數相見，我有一匹好東絹，重之不減錦繡段。已令拂拭光淩亂，請公放筆爲直幹。張即之七十二歲寫，時積雨連霉，槐龍舞翠，與客小飲，醉中戲書。款署：“张即之七十二岁写。时积雨连霉，槐龙舞翠，与客小饮醉中戏书。”钤“张”、“张氏”、“即之”印。自识“七十二岁”，应为南宋理宗宝祐五年（1257年）书。卷前有苏东坡作古柏图，非真迹。尾纸有明洪武时陈新、夏彦良二跋。此卷是张即之晚年之笔。后人皆称他“以能书闻天下”，“大字古雅遒劲，细书尤俊健不凡”。此卷擘窠大字，神完气足，劲健雄肆，又时见险怪之态。张即之作为南宋著名书法家，书宗唐人，结体严谨，笔法险劲，对当时书坛影响很大，北方金人亦多效其体。清缪日藻《寓意录》、清内府《石渠宝笈·初编》等书著录。
陆游行书尊眷帖,宋,http://www.dpm.org.cn/Uploads/Picture/dc/3466.jpg,行书,陆游,《尊眷帖》，宋，陆游书，纸本，册页，1页，纵29.3厘米，横38.3厘米。行书，11行，80字。《尊眷帖》释文：遊惶恐拜問契家尊眷，共惟並擁壽祺。鏡中有委敢請，子聿六粗能勤苦，但恨不能卒業。函丈若不棄遺，尚未晚也。張七三哥□貧可念，官期尚遠，奈何。每爲之心折，顧無所置力耳。三丈亦念之否。遊惶恐再拜。本幅鉴藏印有“宋荦审定”、“凇洲”、“江恂之印”、“德畲借观”以及成亲王、成薰等。此帖内容为委请类，即陆游委请函丈帮助其幼子子聿完成学业。帖中言及的子聿为陆游之幼子，据陆游年谱知其生于淳熙四年丁酉（1177年），是年放翁53岁。“镜中”指绍兴镜湖即鉴湖，故此帖当书于家中。此帖结体颀长，笔画劲健，转折点画精致爽利，既可见杨凝式、苏轼及黄庭坚书法遗意，又自具面目。《书画鉴影》卷一著录，《海山仙馆藏真帖》卷三摹刻。
陈容行草书自书诗卷,宋,http://www.dpm.org.cn/Uploads/Picture/2017/04/05/s58e487888e2f1.jpg,行草书,陈容,《陈容自书诗》卷，宋，陈容书，纸本，手卷，纵31.1厘米，横382.8厘米，行草书，44行，168字。《陈容自书诗》卷释文：潘公海夜飲書樓。陳容。夫君美無度，視世一鼠肝。□夫失意時，不知樞在環。雲氣上罍樽，渠作瓦缶看。八暝同眼精，我眼雙劍寒。潘江字□海，陸海無波瀾。文章有戰勝，此道難躋攀。向來聞歌商，政以靜體觀。收心學潛聖，吾身重丘山。豈必獵衆智，茫茫芡走盤。誡身與教子，戶內天壤寬。苜蓿上朝盤，道人齋入關。土田非蒺藜，莫問歲事艱。夫君不長貧，身在世轉難。戊戌前四月書。公海執此爲曆。此紙得之臨川故人家，借此言久交耳。詩不足道。本幅鉴藏印钤“双清”、“是为双氏在山泉馆藏物”、“双清长寿”及叶恭绰诸印。卷后有叶恭绰题跋一则。文中纪年“戊戌前四月书”，为南宋理宗嘉熙二年（1238年）。此书放笔恣纵。行字大小错落，线条粗细变化明显，跌宕有致，自成一格。
刘汉弼行书曾巩谥议稿卷,宋,http://www.dpm.org.cn/Uploads/Picture/2017/04/05/s58e450fe89f5f.jpg,行书,刘汉弼,《曾巩谥议稿》卷，宋，刘汉弼书，纸本，手卷，纵35厘米，横97.5厘米，行书，33行，623字。卷后有元韩性、黄溍、危素、周伯琦、盛景年，明魏骥、张居杰，清王懿修、胡如瀛、许正绶、胡佚民题诗及题跋。前引首明张文渊行书“先公手泽”四字。北宋著名文学家曾巩，因官位较低，卒而无谥号，至南宋年间才追谥为“文定”。此卷是刘汉弼作考功员外郎时为曾巩议谥所写的草稿，对曾巩在宋代文学领域的重要作用给予肯定，指出“因官卑不及谥，殆有司之失”。而与先人之比，名与文俱显，故追补谥号。此稿本久藏其家，到元代，刘氏后人，述明此卷乃“先公手泽”，至此才明确为刘汉弼手迹。《曾巩谥议稿》书法端雅凝重，欹侧明显，姿态横生，有苏轼卧笔之态，为刘汉弼存世极少的珍贵墨迹。
张栻行书严陵帖,宋,http://www.dpm.org.cn/Uploads/tupianyingxiang/张栻行书严陵帖.jpg,行书,张栻,《严陵帖》，宋，张栻书，纸本，册页，1页，纵33.3厘米，横60厘米，行书，22行，157字。《严陵帖》又称《游从帖》。释文：栻自來嚴陵，與令婿伯恭遊從。每聞起居狀，及論議□詳，用以自慰。茲承□御祥琴，皇家急賢，除日亟下，甚尉士望。栻孤拙者，遂有聯事之便，日承警誨。庶其寡悔，欣幸預深。即日春首尚寒，伏惟趣裝有相，台侯動止萬福。栻備數亡補，日夜悚懼，自此皆傾耳車音之日也。顓介走前，敬此承候。敢祈衝涉珍護，以對休嘉。百懷並須面致。右謹具呈右司台坐。正月日。右承務郎、試尚書左司員外郎、兼侍講張栻劄子。本幅有草押一字。此帖为《宋代法书册》之一，是张栻致韩元吉（无咎）的书信。信 中说：“栻自来严陵，与令婿伯恭游从”，“伯恭”即吕祖谦，吕氏的丈人正是韩元吉。《宋史》载，张栻于乾道七年官尚书吏部员外郎，后兼侍读、左司员外郎，与此帖官衔正合。张栻在朝不满一年，次年出知袁州，故此帖应为南宋乾道八年（1172年）正月所书，张栻时年40岁。《严陵帖》书法笔工劲利，行体挺拔，字法紧俏，清高闲雅。除书法之外，此帖更以其名家简札遗翰而备受世人珍重。
张即之楷书度人经册,宋,http://www.dpm.org.cn/Uploads/Picture/dc/3295.jpg,楷书,张即之,《度人经册》，宋，张即之书，纸本，册页，116页，纵30.7厘米，横14.1厘米，楷书。本幅钤清乾隆、嘉庆、宣统内府鉴藏印。册前有弘历行书题“毫素通灵”四字。册后余纸有“李受持”三字，“李”字下钤“蒙孙”，另钤“山水中人梅江李氏”及山水肖形印一方。钱陈群题跋一段。《度人经》是道教经名，通称《元始无量度人上品妙经》，全称《太上洞玄灵宝无量度人上品妙经》。一作六十一卷，其中第一卷为经文，以下六十卷系敷演经文而成。内容演说元始天尊、开劫度人，以及科仪、斋法、符术、修炼、教戒、缘起等，为南北道教中通行的主要经典。按钱陈群题跋言：“度人经为张君中寿时所作无疑。”此作品书法平正秀劲，纸墨精好，用笔秀颖，通篇神奇贯通。《秘殿珠林·续编》著录。
吕祖谦行书文潜帖,宋,http://www.dpm.org.cn/Uploads/Picture/dc/3446.jpg,行书,吕祖谦,《文潜帖》，宋，吕祖谦书，纸本，册页，纵30厘米，横18.8厘米，行书，5行，47字。《文潜帖》又称《慰言帖》。释文：祖謙上覆。文潛至孝知府朝議兄，謹此附承慰唁。惓惓之意，不殊前幅。中甫昆仲，並想□痛難勝，亦不及一一上狀。祖謙上覆。本幅鉴藏印钤有“忠源”、“之印”等半印三方和草押一字。帖后有清孙承泽、张敦仁等三段题跋。此帖为《宋代法书册》所收之一，是吕祖谦致刘焞的书札，内容为慰唁。刘焞，字文潜，成都人，曾任集英殿修撰，淳熙七年正月移知江陵。宋代朝议大夫与集英殿修撰同为正六品，上款称其“知府朝议”，当在淳熙七年刘焞知潭州任时。因此，此帖应为淳熙七年（1180年）所书，吕祖谦时年44岁。《文潜帖》笔法奇异，婉转跌宕，简牍精丽，为时所重。吕氏存世作品很少，故此帖极为珍贵。
楼钥行书题徐铉篆书帖,宋,http://www.dpm.org.cn/Uploads/Picture/2017/04/11/s58ec839ad1b7f.jpg,行书,楼钥,《题徐铉篆书帖》，宋，楼钥书，纸本，册页，纵26.7厘米，横78.3厘米。行书，21行，238字。《题徐铉篆书帖》释文：“舊見岸老筆談載騎省竵匾之說，近有敷原王季中、彥良，實襄敏諸孫。余及見其莫年，嘗問古人篆字真迹，何以無燥筆。季中笑曰：‘罕有問及此者，蓋古人力在腕，不盡用筆力。今人以筆爲力，或燒筆使禿而用之，移筆則墨已燥矣。’今觀此軸，信然。子孫非不甚工，惜其自壞家法，反以端直姿媚售一時，後進競效之，古意頓盡，但可爲知者道爾。紹熙改元清明。鮚埼樓鑰。”钤“鑰”。又题：“紹熙之元，歲在庚戌。余與季路同爲南廟考官，嘗題此卷。今二十年矣。二十年間，何所不有，年號亦四改，時事可知。季路居太末，余挂冠甬東，豈復有再見之理。更化之後，乃復會於此，撫卷爲之增慨。余方求歸，再識歲月，嘉定三年仲夏朔日，書于攻愧齋。”钤“钥”、“攻愧斋”。楼钥此跋原书于徐铉篆书《项王亭赋》后，分前后两则，书写时间相距20年。前跋作于绍熙改元（1190年），楼钥时年54岁。后跋作于嘉定三年（1210年），楼钥时年74岁。跋中“骑省”即徐铉，字鼎臣，初仕南唐，入宋官至散骑常仕，有《骑省集》三十卷，宋代著名书家，精小篆。“季路”为汪逵的字，南宋孝宗乾道年间进士，嘉定初为太常卿，累官吏部尚书。此帖书法方正，用笔随意，捺笔微掺隶意。《书史会要》称楼钥“善大字，高宗时太学成，奉敕书匾”，在当时也是颇有名气的书法家。
魏了翁草书提刑提举帖,宋,http://www.dpm.org.cn/Uploads/Picture/dc/3443.jpg,草书,魏了翁,《提刑提举帖》，宋，魏了翁书，纸本，册页，纵36.2厘米，横47.8厘米，纵36.2厘米，横51.8厘米，草书，27行323字。本幅鉴藏印钤“贞”、“元”、“琳印”、“无恙”、“卞令之鉴定”、“式古堂书画印”、“胜国文献”、“易庵图书”、“式古堂”、“安氏仪周书画之章”、“巢寮”、“关内侯印”、“江德量鉴藏印”、“江秋史”等25方。成亲王、成勳裱边题记。此帖是《宋人手简册》中一页是为赵范、赵葵兄弟父吊丧的书札。“提刑提举”指赵氏兄弟之父赵方（彦直），赵方，衡山人，张拭弟子，曾官提举京西常平兼转运判官，提点刑狱，后为京湖制置使，兼知襄阳。文中“中兴勋德之家”乃指赵方勇抗金兵、保卫京西之业绩。文中“机宜大孝贤伯仲”则称誉赵范、赵葵兄弟。《宋史·赵范传》记：“十四年，……与弟葵俱授制置安抚司内机事”。据此亦可认定此帖为嘉定十四年（1221年）所作，魏了翁时年44岁。《提刑提举帖》翰墨波澜老成，行笔流畅，笔势潇洒，自然，又含篆隶笔意，使字形具古朴之态。清吴其贞《书画记》、卞永誉《式古堂书画汇考》、安岐《墨缘汇观》、李佐贤《书画鉴影》等书著录，文物出版社《宋人书翰》册影印。
朱熹行书上时宰二札,宋,http://www.dpm.org.cn/Uploads/Picture/2017/04/11/s58ec845e61d4b.jpg,行书,朱熹,《上时宰二札》，宋，朱熹书，纸本，手卷，行书，第一札纵33.8厘米，横68.2厘米，23行，297字，第二札纵33.3厘米，横28.5厘米，10行，104字。本幅钤鉴藏印“漱若”、“式古堂”、“无恙”。卷后明吴宽、陈敬宗、廖庄、李东阳题跋。《上时宰二札》又称《钧翰、豪民二札》。第一札谈及以衰病之躯应接吏民、省阅文案，精神气血内外枯耗，难以支撑。按《宋史·朱熹传》言“淳熙五年除知南康军，熹再辞，不许”，实则朱熹六年三月才到任。文中款识“南康军事”，朱熹其时正在任上，此年六月，奏乞减星子县税钱，即文中“具禀减税、请祠二事”。由此可知札子发于淳熙六年六月，朱熹时年50岁。第二札是上报涉及婺州之豪民奸猾不从教事。落款为“正月十六日。宣教郎直秘阁、提举两浙东路常平茶盐公事借绯朱熹札子。”按职衔“提举两浙东路常平茶盐公事”，应在淳熙九年，朱熹年53岁。此二札为朱熹中年之笔，笺札之书，笔法精简，韵度溢于纸墨间。书风深沉古雅，有学者风范。清卞永誉《式古堂书画汇考》、顾复《平生壮观》、陆心源《穰梨馆过眼录》、顾文彬《过云楼书画记》等书著录。
乔行简行书闰余帖,宋,http://www.dpm.org.cn/Uploads/Picture/dc/3569.jpg,行书,乔行简,《闰余帖》，宋，乔行简书，纸本，册页，纵32.1厘米，横42.5厘米，行书，23行，240字。《闰余帖》又称《觀使郎中帖》。释文：行簡伏以即日閏餘盈數，歲昜肇端。共惟觀使郎中鄉眷丈。小駐寓鄉，會頒新渥，行神先路，台候動止萬福。行簡向心不得一見而別，負慊久之。茲又葱葱度時，未及奉主書之敬，忽承真翰，意愛甚隆，慚感溢寸衿矣。行簡宜歸久矣。誤蒙旒扆之知，偷枉歲月，不覺年數之趣，其後遂以情懇祈而遂所請。然當軸處中，不爲不久，而身偶艱難，勞無寸效。可以持謝鄉党、親戚、朋友、故舊，負我夙志，枉有遭時遇主之大幸，而迄無以自見於明時。故雖蒙恩過優，以寵其歸，不敢以爲榮，而以爲愧矣。賤迹甫達故山，疾疢即相尋。日惟呼醫啜藥，近忽增劇，歲旦不敢眠，勉拜此謝。記存顓價之候，信筆以道真情。疏□塵讀，不計也。蒙體照不宣。本幅鉴藏印钤“莲樵鉴赏”、“皇十一子成亲王诒晋斋图书印”、“莲樵成勋鉴赏书画之章”、“南韵斋印”、“梦禅室鉴”、“陈淮望之氏一字药州”。此帖为《宋人手简册》之一，内容属应酬类，多为感恩之语，并言疾病缠身。此帖是南宋乔行简的书法真迹，落款“夷简”二字系后人将“行”字改为“夷”字，以冒充北宋吕夷简手迹。“蒙体照不宣”后应有官职名衔，现已裁去。按《宋人手简册》中有乔行简书札可以对照书法风格，文字内容也与乔氏史传相合，如文中“即日闰余盈数，岁阳肇端”，查嘉熙四年，正有闰十二月，其时乔氏85岁，已入晚年，衰病不堪，与文中“日惟呼医啜药”等陈述相符。《闰余帖》随手为之，书法殊形异态，行笔跌宕。清顾复《平生壮观》、李佐贤《书画鉴影》著录。
辛弃疾行楷书去国帖,宋,http://www.dpm.org.cn/Uploads/Picture/dc/3437.jpg,行楷书,辛弃疾,《去国帖》，宋，辛弃疾书，纸本，册页，纵33.5厘米，横21.5厘米，行楷书，10行，110字。《去国帖》释文：弃疾自秋初去國，倏忽見冬，詹詠之誠，朝夕不替。第缘驅馳到官，即專意督捕，日從事於兵車羽檄間，坐是倥傯，略亡少暇。起居之問，缺然不講，非敢懈怠，當蒙情亮也。指吳會雲間，未龜合并。心旌所向，坐以神馳。右謹具呈。宣教郎新除秘閣修撰，權江南西路提點刑獄公事，辛弃疾劄子。本幅鉴藏印钤“杨氏家藏”、“原素斋”、“松雪斋”、“琳印”、“海印居士”、“黄琳美之”、“休伯”、“项元汴印”、“蘧庐 ”、“惟心净土”、以及“皇十一子成亲王诒晋斋图书印”、“南韵斋印”、“莲樵成勋鉴赏书画之章”、“莲樵曾观”、“德“”畬“等印。此帖是《宋人手简册》中一页，内容为酬应类。文中“秋初去国，……日从事于兵车羽檄间”，是指在江西提刑任平“茶寇”赖文政事。据《孝宗本纪》：“淳熙二年六月，以仓部郎中辛弃疾为江西提刑，节制诸军讨捕茶寇。”另据《宋会要》记：“淳熙二年润九月二十四日，上谓辅臣曰：江西茶寇已剿除尽。……辛弃疾已有成功，当议优与职名，以示激劝。”辛弃疾平茶寇后，诏江西提刑除秘阁修撰，故此帖当书于淳熙二年十月间，时年36岁。此帖书法中锋用笔，点画尽合法度，书写流畅自如，浑厚沉婉，笔意略显苏黄遗规。虽无豪纵恣肆之态，亦不失方正挺拔之气，为辛弃疾仅见的墨迹珍品。明李日华《六研斋三笔》、李佐贤《书画鉴影》著录，文物出版社《宋人书翰》册影印，刻《海山仙馆藏真帖》。
朱熹行草书大桂驿中帖,宋,http://www.dpm.org.cn/Uploads/Picture/dc/3436.jpg,行草书,朱熹,《大桂驿中帖》，宋，朱熹书，纸本，册页，纵33.4厘米，横57.3厘米，行草书，17行，240字。本幅鉴藏印钤“张鏐”、“吴桢”、“周生”。此帖是《宋贤遗翰册》中一页。按朱熹《年谱》，宋绍熙五年五月知潭州，《宁宗本纪》言：“七月庚午，召秘阁修撰知潭州朱熹诣行在。”文中“辛苦三月，已不胜郡事”，即五月至八月，在任正好三个月。“告归未获”，指朱熹在六月曾“申乞放归田里”。文中所提及诸事多为绍熙五年事，故推算此帖为绍熙五年作品，朱熹时年65岁。《大桂驿中帖》书法纵逸不拘，醇古自然，意态畅达，如烟云舒卷，意在行文，有自得之趣。如詹景凤所言：“不以书名，固以学掩之。”《石渠宝笈·续编》著录。
吴浚行书自书诗联句诗卷,宋,http://www.dpm.org.cn/Uploads/tupianyingxiang/null-新00133452-吴浚行书自书诗并联句诗卷-全卷_2017414215547.jpg,行书,吴浚,《自书诗联句诗》卷，宋，吴浚书，纸本，手卷，纵36.2厘米，横130厘米，纵36.2厘米，横141厘米，行书，79行，1023字。《自书诗联句诗》卷裱为两段，前段书自作杂诗十五首，后段书中秋联句。本幅钤“山西”、“国□”、“云根”、“虚谷”诸印。鉴藏印钤“生”、“南禺世史”、“丰氏人叔”、“云间邹氏珍藏”、“苕南吴氏午峰鉴赏”及项元汴诸印。卷后有宋朱鉴孙、翁□，明丰坊题跋。署年款“咸淳丁卯”，为咸淳三年（1267年）。据款署，此卷书于南宋度宗咸淳三年丁卯，即1267年，书法气秀色润，笔调谦和，点画精细柔媚，一钩一捺，均以温婉取态，为吴浚典型书风。
林逋行书自书诗卷,宋,http://www.dpm.org.cn/Uploads/tupianyingxiang/林逋自书诗卷.jpg,行书,林逋,《自书诗》卷，宋，林逋书，纸本，手卷，纵32厘米，横302.6厘米。行书34行，6段接纸。此卷是林逋归隐西湖孤山时所作，共5首诗，除第2首是五言诗外，其余均为七言诗。据诗后林逋自识：“時皇上登寶位歲夏五月”，可知此作品写于仁宗天圣元年癸亥（1023年），林逋时年57岁，其书体瘦劲，秀逸，笔法厚重，风致绰约，与时人李建中风骨俊整的书风极为接近。诗后有苏轼书七言诗《书和靖林处士诗后》，无年款，据徐邦达先生考证可能是元祐四、五年间苏轼（时年约54岁）第二次到杭州作刺史时所书。此书藏锋敛锷，姿媚可爱，是罕见的苏轼传世佳作之一。这两段名人书法相映生辉，珠联璧合，实为难得的珍宝。后纸有乾隆皇帝用苏轼原韵五题御制诗题记二则（其中一则由董诰奉敕而书），又有明王世贞、王世懋，清王鸿绪三家题跋。本幅钤有“濟陽文府”，清王鸿绪、清内府等鉴藏印。宋内府《宣和书谱》，明汪砢玉《珊瑚网》、詹景凤《东图玄览》，清顾复《平生壮观》、吴其贞《书画记》、安岐《墨缘汇观·续编》、卞永誉《式古堂书画汇考》、高士奇《江村消夏录》、吴升《大观录》、阮元《石渠随笔》、内府《石渠宝笈·续编》等书有著录。
黄庭坚草书诸上座帖卷,宋,http://www.dpm.org.cn/Uploads/Picture/2017/04/05/s58e4892ed247e.jpg,草书,黄庭坚,《诸上座帖》，宋，黄庭坚书，纸本，手卷，草书，92行，纵33厘米，横729.5厘米。《诸上座帖》是宋黄庭坚为友人李任道所录写的五代金陵僧人文益的《语录》，全文系佛家禅语。《诸上座帖》释文：“諸上座爲複只要弄唇嘴，爲復別有所圖，恐伊執著，且執著甚麽，爲復執著理，執著事，執著色，執著空，若是理，理且作麽生執，若是事，事且作麽生執，著色，著空亦然，山僧所以尋嘗向諸上座道，十方諸佛，十方善知識時嘗垂手，諸上座時嘗接手(以下點去十六字)，十方諸佛諸善知識垂手處合委悉也，甚麽處是諸上座接手處，還有會處會取好，莫未會得，莫道揔是都來圓取，諸上座傍家行腳，也須審諦著些子精神，莫只藉少智慧，過卻時光，山僧在衆見此多矣，古聖所見諸境，唯見自心，祖師道，不是風動幡動，風動幡動者心動，但且恁麽會好，別無親於親處也，僧問，如何是不生滅底心，向伊道，那個是生滅底心，僧云，爭奈學人不見，向伊道，汝若不見，不生不滅底也不是，又問，承教有言，佛以一音演說法。衆生隨類各得解，學人如何解，向伊道，汝甚解前問已是不會古人語也，因甚，卻向伊道，汝甚解，何處是伊解處。莫是于伊分中，便點與伊，莫是爲伊不會問，卻反射伊麽，決定非此道理，慎莫錯會，除此兩會，別又如何商量，諸上座若會得此語也，即會得諸聖揔持門，且作麽生會，若會得一音演說，不會得隨類各解，恁麽道莫是有過無過，說麽莫錯會好，既不恁麽會說一音演說，隨類得解，有個下落，始得每日空上來下去，又不當得人事，且究道眼始得，古人道，一切聲是佛聲，一切色是佛色，何不且恁麽會取。此是大丈夫出生死事，不可草草便會。拍盲小鬼子往往見便下口，如瞎驢吃草樣，故草此一篇，遺吾友李任道，明窗淨几，它日親見古人，乃是相見時節，山谷老人書。”（《古书画过眼要录》）署款：“山谷老人書。”“书”字上钤“山谷道人”朱文方玺。后纸有明吴宽，清梁清标题跋各一段。卷前后及隔水上钤宋“内府书印”、“绍兴”、“悦生”，元“危素私印”及明李应祯、华夏、周亮工，清孙承泽、王鸿绪，近代张伯驹等诸家鉴藏印。此帖初藏南宋高宗内府，后归贾似道，明代递藏于李应祯、华夏、周亮工处，清初藏孙承泽砚山斋，后归王鸿绪，乾隆时收入内府，民国初流出宫外，为张伯驹先生所得，后捐献给国家，现藏北京故宫博物院。此书师法怀素狂草体，笔意纵横，气势苍浑雄伟，字法奇宕，如马脱缰，无所拘束，尤其能显示出书者悬腕摄锋运笔的高超书艺。黄庭坚《山谷自论》云：“余学草书三十余年，初以周越为师，故二十年抖擞俗气不脱，晚得苏才翁、子美书观之，乃得古人笔意。其后又得张长史、僧怀素、高闲墨迹，乃窥笔法之妙。”在《语录》后黄氏又作大字行楷书自识一则，结字内紧外松，出笔长而遒劲有力，一波三折，气势开张，一卷书法兼备二体，相互映衬，尤为罕见，是其晚年杰作。明都穆《寓意编》、华夏《真赏斋赋注》、文嘉《钤山堂书画记》、张丑《清河书画舫》、《清河见闻表》、卞永誉《式古堂书画汇考》，清孙承泽《庚子消夏记》、清内府《石渠宝笈·初编》等书著录。
欧阳修行楷书灼艾帖卷,北宋,http://www.dpm.org.cn/Uploads/Picture/2019/06/25/s5d1177d64247e.jpg,行楷书,欧阳修,《灼艾帖》，北宋，欧阳修书，纸本，册页，纵25厘米，横18厘米，行楷书，6行69字。释文：“修啓，多日不相見，誠以區區。見發言，曾灼艾，不知體中如何？來日修偶在家，或能見過。此中醫者常有，頗非俗工，深可與之論搉也。亦有閒事，思相見。不宣。修再拜，學正足下。廿八日。”帖中“见发言”的“发”即欧阳修长子欧阳发。据考，此帖是欧阳修写给自己的学生焦千之的，对其身体状况表示关心，并邀其来家相见。关于欧书特点，苏轼评价说：“公用尖笔干墨作方阔字，清眸丰颊，进退晔如。”李东阳在帖后的诗跋中称赞欧书“宋代书家自不孤，当时只许蔡君谟。若将晋法论真印，此老风流世亦无”。此帖本幅及前后隔水钤“吴郡张口”“仲口”“世昌”（半印）“仪周鉴赏”“德量审定”“希逸”“江德量鉴藏印”以及项元汴、张珩等鉴藏家印记。尾纸有李东阳、翁方纲题跋。清安岐《墨缘汇观·上编》著录。
宋米芾题兰亭序卷,北宋,http://www.dpm.org.cn/Uploads/Picture/2022/10/12/s634623edc9f8d.jpg,行书,米芾,《题兰亭序》卷，宋，米芾书，纸本，行书，纵24厘米，横47.5厘米。释文：右米姓秘玩，天下法书第一。唐太宗既获此书，使冯承素、韩道政、赵模、诸葛贞之流，摹赐王公。褚遂良时为起居郎，盖检校而已。此轴在苏氏，命为褚摹。观意易改误数字，真是褚笔，落笔直书。余皆双钩，清润有秀气，转摺芒锷备尽，与真无异，非知书者所不能到。世俗所收，或肥或瘦，乃是工人所作，正以此本为定。熠熠客星，岂晋所得。卷器泉石，流腴翰墨。戏著谈标，书存马式(戎)。郁郁昭陵，玉椀已出。戎温无类，谁宝真物。水月何殊，志专乃一。绣缫金鐍，瑶机绵綍。猗欤元章，守之勿失。元祐戊辰获此书。崇宁壬午六月，大江济川亭舟对紫金避暑手装。米芾。此卷为米芾所书褚遂良摹《兰亭序》的跋赞之文，跋前的《兰亭序》已非米芾所见之摹本，其在清代安岐《墨缘汇观》著录时已被换掉，但米芾跋文仍是真迹，跋的内容与《宝晋山林集拾遗》中的记载稍有出入。此跋书于北宋崇宁元年（1102），米芾时年52岁，其小行书点画精致，书姿峭丽，是他自诩“跋尾书”的典型笔法。此卷后有多家明人题识，以及明清时陈缉熙、项元汴、卞永誉、永瑆等人的鉴藏印。
米芾诗牍册·行书淡墨秋山诗帖页,北宋,http://www.dpm.org.cn/Uploads/Picture/dc/51162.jpg,行书,米芾,《淡墨秋山诗帖》页，北宋，米芾书，纸本，行书，纵29.1厘米，横31.9厘米。释文：淡墨秋山画远天，暮霞还照紫添烟。故人好在重携手，不到平山谩五年。此帖书自作七绝一首。精神饱满，笔力雄强，使转灵动，结字端妍。虽无款印，但一望而知为米氏中年行书精品。本幅钤有清代安岐及乾隆、嘉庆内府鉴藏印多方。收入清宫旧藏《米芾诗牍册》。
米芾诗牍册·行草书盛制帖页,北宋,http://www.dpm.org.cn/Uploads/Picture/dc/51161.jpg,行草,米芾,《盛制帖》页，北宋，米芾书，纸本，行草书，纵27.4厘米，横32.4厘米。释文：盛制珍藏荣感。日夕为相识拉出，遂未得前。见寒光之作，固所愿也。一两日面纳次。黻顿首。天启亲。此帖为米芾致友人蔡肇（字天启）尺牍。小行草笔势飞动，形态曼妙；“天启亲”三大字则一气呵成，淋漓痛快，充分表现了“刷字”的艺术特色。署款用“黻”而未用“芾”字，可证作于米氏41岁之前。本幅钤有明代项元汴，清代梁清标、王鸿绪及乾隆、宣统内府鉴藏印多方。裱边有明代董其昌题跋：“米老此尺牍似为蔡天启作。笔墨、字形之妙，尽见于此。”收入清宫旧藏《米芾诗牍册》。
米芾行书三札卷,北宋,http://www.dpm.org.cn/Uploads/Picture/2017/04/05/s58e48999a34cb.jpg,行书,米芾,《三札》卷，宋，米芾书，纸本，行书，《长至帖》纵33.3厘米，横42厘米；《韩马帖》纵33.3厘米，横33.3厘米；《新恩帖》纵33.3厘米，横48.5厘米。释文：芾顿首再拜：长至，伏愿制置发运左司学士，主公议于清朝，振斯文于来世。弥缝大业，继古名臣。芾不胜詹颂之至！芾顿首再拜。芾顿首启：前日幸披晤，即日起居冲胜。韩马欲借三五日，节中数贵游宴集处，使之赏玩如何？忝亲契敢尔。过节面纳也。谨奉启，不宣。芾皇恐。寺丞仁亲阁下。芾顿首再拜，新恩吏部侍郎台坐。春和，恭惟神明相佑，台候起居万福。芾即日蒙恩，大贤还朝以开太平，喜乃在己。芾薄留泗滨，烝然来思，岂无念哉！谨奉状上贺，不宣。门人米芾顿首再拜，新恩吏部侍郎台坐。三月三日上。此卷为米芾三封书信合裱而成。《长至帖》又名《公议帖》，是对一位官居“发运左司”的同僚的祝颂之词，愿他能“主公议于清朝，振斯文于来世。弥缝大业，继古名臣”，干一番大事业。钤有“米芾元章之印”。《韩马帖》是向友人商借唐代韩幹所绘鞍马图，以供过节时“贵游宴集”赏玩之需。《新恩帖》则是给一位新任吏部侍郎的贺信。钤有“米芾之印”。三札皆系米芾50岁后的晚期作品，神完气足，炉火纯青，个人风格已十分成熟。卷后有清初大书家王铎关于观赏此卷与友人的通信一封及清康熙时倪粲、方膏茂的观款。著录于《石渠宝笈续编》及《石渠随笔》。
薛绍彭草书大年帖页,北宋,http://www.dpm.org.cn/Uploads/Picture/dc/25281.jpg,草书,薛绍彭,《大年帖》页，宋，薛绍彭书，纸本，草书，纵25.1厘米，横34.8厘米。释文：绍彭启：多日廷中不得少款为慊。晴和，想起居佳安。二画久假，上还，希检收。许借承晏、张遇墨，希示一观，千万，千万！承晏若得真完，虽《异热帖》亦可易。更俟续布，不具。绍彭再拜，大年太尉执事。廿八日。此帖名也作《晴和帖》。这是一封与藏友谈论藏品观摩与交流事宜的书信。信中首先提到归还两幅久借的绘画，然后表示希望借观对方所藏制墨名家李承晏、张遇所制名墨。并云李承晏墨如是完整的真品，愿以自藏王羲之《异热帖》与之交换。信的上款“大年太尉”，据考证应是北宋宗室、名画家赵令穰。此帖行笔圆健，结字安详，从容不迫，深得“二王”遗韵，是薛氏的代表作品。上钤“贞元”、“绍兴”等半印，裱工钤“许子仙鉴定印”“许烈之印”“孔氏季修”“受青”等印。《寓意编》、《铁网珊瑚》、《式古堂书画汇考》、《平生壮观》等书著录。
米芾行书珊瑚帖页,北宋,http://www.dpm.org.cn/Uploads/Picture/dc/23825.jpg,行书,米芾,"《珊瑚帖》页，北宋，米芾书，纸本，行书，纵26.6厘米，横47.1厘米。 
　　释文： 收张僧繇天王，上有薛稷题。阎二物，乐老处元直取得。又收景温《问礼图》，亦六朝画。珊瑚一枝。三枝朱草出金沙，来自天支节相家。当日蒙恩预名表，愧无五色笔头花。 
　　 张僧繇，南朝画家，以善画佛道人物造像著称，“天王”即此类作品。薛稷，初唐书法家。 景温即谢景温，字师直，米芾同时人，传见《宋史》卷二九五。《问礼图》与珊瑚笔架都是他的藏品，“节相”则是他的官职——“权尚书出知州军事”。 名表，宋代礼部郎中别称“名表郎官”，米芾曾任该职。 此帖是米芾与人谈论收藏情况的一封书信。用笔纵逸迅疾，随心所欲而不逾矩，充分表现了他放达的个性与深湛的功力。信中言及珊瑚笔架即随手插图一幅，可谓神来之笔，此也是米芾唯一的传世画迹。 鉴藏印记：“内府书印”（半印）“大雅（半印）”“文言三昧”，“定府珍藏”“曾存定邸行有恒堂”“睫庵鉴赏”以及梁清标、王鸿绪、安岐、永瑆诒晋斋、绵亿南韵斋诸印。"
苏轼行书新岁展庆、人来得书帖合卷,北宋,http://www.dpm.org.cn/Uploads/Picture/2017/04/05/s58e45350a93b8.jpg,行书,苏轼,"《新岁展庆、人来得书帖》合卷，北宋，苏轼书，纸本，行书，前帖纵30.2厘米，横48.8厘米，后帖纵29.5厘米，横45.1厘米。《新岁展庆帖》释文：轼启：新岁未获展庆，祝颂无穷，稍晴起居何如？数日起造必有涯，何日果可入城。昨日得公择书，过上元乃行，计月末间到此，公亦以此时来，如何何如？窃计上元起造，尚未毕工。轼亦自不出，无缘奉陪夜游也。沙枋画笼，旦夕附陈隆船去次，今先附扶劣膏去。此中有一铸铜匠，欲借所收建州木茶臼子并椎，试令依样造看。兼适有闽中人便，或令看过，因往彼买一副也。乞蹔付去人，专爱护便纳上。余寒更乞保重，冗中恕不谨，轼再拜。季常先生丈阁下。正月二日。子由亦曾言（此字旁注），方子明者，他亦不甚怪也。得非柳中舍已到家言之乎，未及奉慰疏，且告伸意，伸意。柳丈昨得书，人还即奉谢次。知壁画已坏了，不须怏怅。但顿着润笔新屋下，不愁无好画也。《人来得书帖》释文：轼启：人来得书。不意伯诚遽至于此，哀愕不已。宏才令德，百未一报，而止于是耶。季常笃于兄弟，而于伯诚尤相知照。想闻之无复生意，若不上念门户付嘱之重，下思三子皆不成立，任情所至，不自知返，则朋友之忧盖未可量。伏惟深照死生聚散之常理，悟忧哀之无益，释然自勉，以就远业。轼蒙交照之厚，故吐不讳之言，必深察也。本欲便往面慰，又恐悲哀中反更挠乱，进退不皇，惟万万宽怀，毋忽鄙言也。不一一。轼再拜。另纸行书：知廿九日举挂，不能一哭其灵，愧负千万，千万。酒一担，告为一酹之。苦痛,苦痛。《新岁展庆》《人来得书》二帖裱于同一卷中。卷后有董其昌跋。鉴藏印有“御府书印”、“御府宝绘”、项元汴诸印、安岐诸印等。此二帖均是苏轼写给陈慥（季常）的书札，《新岁展庆帖》是相约陈慥与公择（李常）同于上元时在黄州相会之事；《人来得书帖》是为陈慥的哥哥伯诚之死而慰问陈慥所作。《东坡集》卷五十《岐亭五首序》中记载了苏轼于北宋元丰三年（1080年）五月贬谪黄州时与陈慥相见之事。并有“明年复往见之，……凡余在黄四年，三往见季常，而季常七来见余……”在《东坡集》中共有苏轼写给陈慥的十六封书札，“俱在黄州时作”。《新岁展庆帖》中所写时间（上元）与《岐亭五首序》中所记“明年复往见之”的时间与事由一致，而宋傅藻《东坡记年表》中记载，东坡于“元丰四年辛酉在黄州，正月二十日往岐亭”。由以上记载可推知，该《新岁展庆帖》应作于北宋元丰四年（1081年）春季，苏轼时年44岁。该帖在徐邦达先生的《古书画过眼要录》中有详细的考证。苏轼在黄州时与陈慥书信往来频繁，在与他人之信中亦常提及陈慥，可知二人友谊深厚。《新岁展庆》、《人来得书》二帖下笔自然流畅，劲媚秀逸，精心用意。虽为书札，却写得非常精致，字的入笔、收笔、牵连笔笔交代分明，是苏轼由早年书步入中年书的佳作。《墨缘汇观》、《大观录》著录。"
苏轼行书治平帖卷,北宋,http://www.dpm.org.cn/Uploads/Picture/2017/04/05/s58e48b7a10e73.jpg,行书,苏轼,《治平帖》卷，北宋，苏轼书，纸本，行书，纵29.2厘米，横45.2厘米。释文：轼启：久别思念不忘，远想体中佳胜，法眷各无恙。佛阁必已成就，焚修不易。数年念经，度得几人徒弟。应师仍在思蒙住院，如何？略望示及。石头桥、堋头两处坟茔，必烦照管。程六小心否，惟频与提举是要。非久求蜀中一郡归去，相见未间，惟保爱之，不宣。轼手启上。治平史院主、徐大师二大士侍者。八月十八日。卷末有赵孟頫、文徵明、王穉登题跋。鉴藏印有“商丘宋荦审定真迹”、“吴江张基德载图书”二方。本卷引首有明人所画苏轼像及释东皋妙声所书《东坡先生像赞》。此帖是苏轼书写的信札，内容主要是委托乡僧照管坟茔之事。根据帖后赵孟頫、文徵明、王穉登三人之跋可知，此帖当是苏轼于北宋熙宁年间在京师时所作，时年约30余岁。该帖笔法精细，字体遒媚，与苏轼早年书法特征吻合，正如赵孟頫所称“字划风流韵胜”。《平生壮观》卷二、《装余偶记》卷二、《盛京书画录》第二册著录。
黄庭坚行楷书送四十九侄诗卷,北宋,http://www.dpm.org.cn/Uploads/Picture/2017/04/21/s58f9aaae8db97.jpg,行楷书,黄庭坚,《送四十九侄诗》卷，北宋，黄庭坚书，纸本，行楷书，纵35.5厘米，横130.2厘米。释文：诗送四十九侄。有妷财相见，何堪举别觞。共期同奋发，更勉致轩昂。接物宜从厚，修身贵有常。翁翁尤念汝，早去到亲旁。（注释：妷：同“侄”。财：同“才”。翁翁：犹“公公”，多指祖父。）帖后无名款。鉴藏印有“白石山房”、“蔡子木歌颂斋”、“宋荦审定”、“宣统御览之宝”。此帖原为《宋元宝翰》册之一，后改装成卷。此诗在《山谷外集》中没有记载，四十九侄亦无考。该帖字大如拳，结体多取柳公权法，字大方可尽其笔势。撇捺特长，笔画多取横势，字势舒展俊朗，跌宕起伏，变化出新，极具挺拔之态。与黄庭坚同为“苏门四学士”的张耒评黄庭坚诗句：“不践前人旧行迹，独经斯世擅风流。”用此句评论黄庭坚的书法是很恰当的。著录于《装余偶记》卷五、《石渠宝笈初编》卷一。
黄庭坚草书杜甫寄贺兰铦诗页,北宋,http://www.dpm.org.cn/Uploads/Picture/dc/19319.jpg,草书,黄庭坚,"《杜甫寄贺兰铦诗》帖，宋，黄庭坚书，纸本，草书，纵34.7厘米，横69.6厘米。释文：朝野欢娱后，乾坤震荡中。相随万里日，摠作白头翁。岁晚仍分袂，江边更转蓬。勿言居（此字点去）俱异域，饮啄几回同。寄贺兰铦。鉴藏印钤“内府书印”、“归来印”、“希之”、“纪察司印”（半印）、“贾氏”（半印）。该帖系《宋元宝翰》册中的一开。笔法圆劲，笔势连绵，如龙蛇飞舞，达到心手两忘的境界。尾“寄贺兰铦”四字写作行楷书，矫拔精健，与前草书诗文的飞动气势相映生辉。虽短短八行,却是黄庭坚的草书佳作。此诗帖与藏于台北故宫博物院的黄庭坚《花气诗》帖堪称双美。《书画记》卷五、《平生壮观》卷二、《石渠宝笈初编》卷二著录。"
蔡襄行书自书诗卷,北宋,http://www.dpm.org.cn/Uploads/Picture/2017/04/05/s58e4874c50fc0.jpg,行书,蔡襄,《蔡襄自书诗》卷，北宋，蔡襄书，纸本，三接纸，纵28.2厘米，横221.2厘米，行书，73行，884字。卷尾有宋代蔡伸、杨时、张正民、蒋璨、无名氏、向水，元代张雨、张枢，明代陈朴、匡山凷翁、胡粹中、清代王文治及近代朱文均等十三家题跋。本幅第三首诗题下有小字批语“此一篇极有古人风格”，据杨时题跋称，乃欧阳修所书。鉴藏印记：“贾似道印”、“悅生”、“贾似道图书子子孙孙永保之”、“武岳王图书”、“管延枝印”以及梁清标、清嘉庆内府诸印。北宋皇祐二年（1050年），蔡襄罢福建转运使，召还汴京修起居注，遂从福州一路北行，历时半年多。沿途见闻有感于怀者，皆成诗章，此卷所书五言、七言诗11首即是。书写时间当在诗成之后不久，蔡襄时年约40岁。因属个人诗稿，无意求工，故笔致飘逸流畅，点画婉转精美，充分展示了蔡襄中年清健圆润的书风特色与纯熟的功力。近代朱文均赞云：“此册行楷略备，无不臻美。其婉约处极似虞永兴，而温栗不减柳谏议。盖其能博采约举以自成一家书派者。”《珊瑚网》、《吴氏书画记》、《平生壮观》、《石渠宝笈三编》、《选学斋书画寓目续记》、《壬寅销夏录》等著录。刻入《秋碧堂》、《经训堂》、《玉虹鉴真》诸帖。
米芾行书苕溪诗卷,北宋,http://www.dpm.org.cn/Uploads/Picture/2017/04/05/s58e489bbd214b.jpg,行书,米芾,《苕溪诗》卷，北宋，米芾书，纸本，行书，纵30.3厘米，横189.5厘米。全卷35行，共394字，末署年款“元祐戊辰八月八日作”，知作于宋哲宗元祐三年戊辰（1088年），时米芾38岁。开首有句“將之苕溪戲作呈諸友，襄陽漫仕黻”，知所书为自撰诗，共6首。此卷用笔中锋直下，浓纤兼出，落笔迅疾，纵横恣肆。尤其运锋，正、侧、藏、露变化丰富，点画波折过渡连贯，提按起伏自然超逸，毫无雕琢之痕。其结体舒畅，中宫微敛，保持了重心的平衡。同时长画纵横，舒展自如，富抑扬起伏变化。通篇字体微向左倾，多攲侧之势，于险劲中求平夷。全卷书风真率自然，痛快淋漓，变化有致，逸趣盎然，反映了米芾中年书的典型面貌。吴其贞《书画记》评此帖曰：“运笔潇洒，结构舒畅，盖效颜鲁公化书者。”道出了此书宗法颜真卿又自出新意的艺术特色。此卷末有其子米友仁跋：“右呈諸友等詩，先臣芾真迹，臣米友仁鑒定恭跋。”后纸另有明李东阳跋。鉴藏印记，有：“睿思殿印”、“绍兴”、“白几印章”、“鲜于”、“陆友”、“囗氏囗寿珍玩”、“西楚王孙”、“士奇之印”、“杨氏家藏”、“全卿珍赏”、“全卿”（半印）、“武林钱子章玉鉴赏图书”及项元汴、梁清标、清乾隆、嘉庆、宣统内府诸印。又项氏“独”字编号。此帖曾藏入南宋绍兴内府，明杨士奇、陆水村、项元汴、梁清标等藏家处，后入清乾隆内府，并刻入《三希堂法帖》。
张即之楷书佛遗教经卷,南宋,http://www.dpm.org.cn/Uploads/Picture/2017/04/05/s58e48ca48a46a.jpg,楷书,张即之,《佛遗教经》卷，宋，张即之书，纸本，楷书，纵29厘米，横867.9厘米。《佛遗教经》为释迦牟尼涅槃前最后一次说法的记录，姚秦三藏法师鸠摩罗什汉译，是佛教重要经典。此卷书于南宋宝祐三年（1255年），署款“张即之七十岁写，宝祐三年夏至日”，是张氏晚年写经精品之一。楷书取法唐人，个人风格鲜明。结字紧峭，用笔灵动而有呼应顾盼之势，人称“以行作楷”。原为经折装，后改为长卷。卷内有清高宗弘历引首、题识；钤有清安岐、乾隆内府、袁励准诸鉴藏印章。
吴琚行书寿父帖页,南宋,http://www.dpm.org.cn/Uploads/Picture/dc/25946.jpg,行书,吴琚,《寿父帖》页，南宋，吴琚书，纸本，行书，纵32.9厘米，横48.9厘米。吴琚“性嗜书”，学米芾能神似。此帖为其行书代表作之一，乃淳熙末年为官襄阳时谈论宦途境况的一封尺牍。《墨缘汇观》评为“初视之以为米书”。收于清宫旧藏《法书大观》册内，钤有清代安岐印章。释文：比总总附书，谅只在下旬可到。途中收十月三日手笔并诗，深以为慰。示喻已悉，襄州之行，非所惮也。不谓以常式辞免，就降改命。辞难避事，何以自文？不知阅古之意如何？今必有定论矣。十九日入京西界，交割安抚司职事，廿日方得改差。札子已具辞免，且在郢州境上伺候回降。若省札更迟数日，则已到襄阳。郢去襄只二百余里，江陵亦然。岁晚客里，进退不能，势须等候月十日方见次第。地远，往返动是许时，远宦非便，殆此类也。旅中灯下作此，言不尽意。余希加爱，不宣。十月廿日，琚上。寿父判寺寺簿贤弟。
陆游行草书怀成都十韵诗卷,南宋,http://www.dpm.org.cn/Uploads/Picture/2017/04/05/s58e45350a78c3.jpg,行草书,陆游,《怀成都十韵诗》卷，南宋，陆游书，纸本，行草书，纵34.6厘米，横82.4厘米。释文：放翁五十犹豪纵，锦城一觉繁华梦。竹叶春醪碧玉壶，桃花骏马青丝鞚。斗鸡南市各分朋，射雉西郊常命中。壮士臂立绿绦鹰，佳人袍画金泥凤。椽烛那知夜漏残，银貂不管晨霜重。一梢红破海棠回，数蕊香新早梅动。酒徒诗社朝暮忙，日月匆匆迭宾送。浮世堪惊老已成，虚名自笑今何用。归来山舍万事空，卧听糟床酒鸣瓮。北窗风雨耿青灯，旧游欲说无人共。省庵兄以为此篇在集中稍可观，因命写之。游。此卷为陆游晚年为其友人手录旧日所作七言古诗一首，内容描写作者50岁左右在成都做官时的生活景况。格调豪放跌宕，书风亦瘦硬通神，可谓词翰双美。后纸有明陆釴、谢铎、程敏政、王鏊、周经、杨循古、沈周题跋。卷中钤有清乾隆、嘉庆、宣统内府诸玺及原博”、商丘宋荦审定真迹”、“陈宗后印”、“子万”、“真赏”等鉴藏印章。著录于《装余偶记》、《石渠宝笈》。
文天祥行书上宏斋帖卷,南宋,http://www.dpm.org.cn/Uploads/Picture/2017/04/05/s58e48bd2944df.jpg,行书,文天祥,《上宏斋帖》卷，南宋，文天祥书，纸本，手卷，纵39.2厘米，横149.9厘米，行书，53行，747字。《上宏斋帖》卷释文本幅鉴藏印钤项元汴、卞永誉、安岐、永瑆、奕绘、绵亿诸印。卷后明李时勉，清永瑆、绵亿、李端芬、朱益藩题跋。此帖内容是祝贺宏斋（包恢）晋官，并述政治。书于宋度宗咸淳元年（1265年），文天祥时年30岁。是年正月文氏除湖南提刑，三月到任，书此札时尚在乡里。关于此帖书写原由，明代李时勉跋曰：“盖度宗初接位，招宏父为刑部尚书、签书枢密院事，封南城县侯，故公贺以此书也。”札中内容涉及文天祥在江西任上对赣寇“用兵丁万人，声罪致讨”之事，对研究当时的历史有重要价值。此件书法清疏挺竦，风格秀劲，古雅可爱。明汪砢玉《珊瑚网》、郁逢庆《续书画题跋记》，清卞永誉《式古堂书画汇考》、顾复《平生壮观》、安岐《墨缘汇观》等书著录。
朱熹行书城南倡和诗卷,南宋,http://www.dpm.org.cn/Uploads/Picture/2017/04/05/s58e45a4488a04.jpg,行书,朱熹,《城南倡和诗》卷，南宋，朱熹书，纸本，手卷，纵31.5厘米，横275.5厘米，行书，65行，464字。《城南倡和诗》卷释文：原原锡潭水，汇此南城阴。岸花有开落，水盈无浅深。纳湖 团团凌风桂，宛在水之东。月色穿林影，却下碧波中。东渚 四序有佳趣，今古盖共兹。桥边独微吟，回首忘所之。咏归桥 窗低芦苇秋，便有江湘思。久矣倦垂纶，游鱼不须避。船斋 长哦伐木篇，竚立以望子。日暮飞鸟归，门前长春水。丽泽艺兰北磵侧，磵曲风纡余。愿言植根固，芳芬长慰予。兰涧 迭石小峥嵘，修篁高下生。地偏人迹罕，古井辘轳鸣。山斋 高楼出林杪，中有千载书。昔人不可见，倚槛竟何如。书楼 开轩仅寻丈，水竹亦萧踈。客来须起敬，题榜了翁书。蒙轩 流泉自清写，触石短长鸣。穷年竹根底，和我读书声。石濑 云生山气佳，云卷山色静。隐几亦何心，此意相与永。卷云亭 前年种垂柳，已复如许长。长条莫攀折，留待映沧浪。柳堤 危栏明倒景，面面涌金波。何处无佳月，惟应此地多。月榭 夫容岂不好，濯濯清涟漪。采之不盈把，惆怅暮忘饥。濯清亭 系舟西岸边，幅巾自来去。岛屿花木深，蝉鸣不知处。西屿 幽谷竹成阴，悬流着石清。不妨风月夕，来此听琮琤。琮琤谷 亭亭堤上梅，历历波间影。岁晚忆夫君，寂寞烟渚静。梅堤 风吹渡头雨，摵摵篷上声。忻然会心处，端复与谁评。听雨舫 散策下亭阿，水清鱼可数。却上采菱舟，乘风过南浦。采菱舟 湘水接洞庭，秋山见遥碧。南阜时一登，搔首意无斁。南阜右张宣公城南杂咏二十首，子朱子尝所属和者也。南沙虞子贤氏，受朱子诗翰于其眷棣钱广，而宣公真迹逸矣。余来娄，贤介其友王师道，持卷来征余言。适于宣公集中得其元唱，贤且躬至余邸次，请余追和，未及，先为补书宣公诗。时至正壬寅冬十二月，东维叟杨桢谨再拜书。余既写诗已，贤复索余评两前哲诗。朱子之辞不敢评，不意张荆州为乾道道学君子，而矢口小章，亦有古风人思致。如“岸花有开落，水流无浅深”，“日暮飞鸟归，门前长春水”，又如“古井辘轳鸣”，虽开元诗人不能到。至卷云一章，惟许晋处士作之，词人不敢企也。桢赘评。本幅钤“朱熹之印”。钤“孙承泽印”、“颛庵”、“王剡之印”、“王藻儒收藏图书”等鉴藏印及嘉庆、宣统内府诸玺。卷后有明司马垔跋，另纸元干文传、黄溍、干渊，明李东阳、吴宽、周木、陆简、何乔新、董越、李士实、张元祯、费宏诸家题跋。引首李东阳篆书“晦翁手泽”，前隔水孙承泽标题“元晦夫子手泽”。倡和诗是朱熹“奉同敬夫兄城南之作”。敬夫即张栻。《一统志》载：“张栻（号南轩），广汉人。绍兴时随父浚以观文殿大学士之潭州，因寓湖南。时胡五峰（宏）讲学衡山，栻往谒，师事之。归筑城南书院于妙高峰，以居学者。乾道中，朱子闻先生的胡氏学，于长沙访闻焉。”本诗创作年代，按《朱子年谱》记载，徐邦达先生考：“朱熹访张栻于潭州，在乾道三年八月，游历城南盛景，与张栻应酬唱和诗很多。此二十咏定在游潭后所作，写的时间大概相去不远。”据此定为“乾道三年（1167年）朱熹38岁。”此卷为朱熹早年书法，笔势迅疾，无意求工，而点画波磔无一不合书家规矩，韵度润逸，苍逸可喜，是朱熹书法代表作。为清宫旧藏。明朱存理《铁网珊瑚》、文嘉《钤山堂书画记》，清孙承泽《庚子销夏记》、卞永誉《式古堂书画汇考》、《石渠宝笈·三编》等书著录。
赵孟坚行书自书诗卷,南宋,http://www.dpm.org.cn/Uploads/Picture/2017/04/05/s58e48cd80f9c5.jpg,行书,赵孟坚,赵孟坚《自书诗》卷，宋，赵孟坚书，纸本，手卷，纵35.8厘米，横675.6厘米，行书，99行，751字。赵孟坚《自书诗》卷释文本幅鉴藏印钤项元汴诸印及“伍元蕙俪荃”、“伍氏俪荃平生真赏”、“六湖”、“罗六湖家珍藏”、“潘健庵图书印”、“延龄心赏”、“端溪何叔子瑗玉号蘧庵过眼经籍金石书画印记”等印55方。卷前落款赵孟坚《水仙》图，是旧伪本。卷后元张绅、明都穆、清陈宝琛题观。此卷诗中所称“大年、永年”兄弟，均宋宗室，以善画知名。大年名令穰，永年名令松，均为宋太祖赵匡胤子燕王德昭四世孙。署年款“开庆元年”（1259年），赵孟坚时年61岁。此为赵氏晚年之迹，笔力雄健，纵逸豪放，有黄庭坚书风。而结体瘦劲，中宫紧结，欹侧俯仰之势则师法米芾，自有标度，为其晚年代表作。清端方《壬寅消夏录》著录，《海山仙馆藏真帖》翻刻。
赵孟頫行书临兰亭序卷,元,http://www.dpm.org.cn/Uploads/Picture/2017/04/05/s58e48cf02a457.jpg,行书,未知,《临兰亭序》卷，元，赵孟頫书，绢本，行书，纵27.4厘米，横102厘米，28行，324字。此卷原在赵孟頫“定武兰亭”十六跋后，之后被人分割，另装在南宋翻刻兰亭拓本后面。赵孟頫一生对《兰亭序》极为推重，曾反复临写，此件是其晚年所临，笔法精良。加之此卷前面有南宋翻刻定武《兰亭序》拓本，以及前后尤袤、王厚之、张翥、王蒙等宋元名家题跋，更为珍贵。本幅另有清代庆锡题跋一段。释文（略）。本幅款署“子昂”鉴藏印“伯谦精鉴”、“伯谦审定真迹”、“绍庭审定”、“蛰蛰公书画”“龙友过眼”等。
鲜于枢行书五绝诗页,元,http://www.dpm.org.cn/Uploads/Picture/dc/52103.jpg,行书,鲜于枢,《五绝诗》页，元，鲜于枢书，纸本，行书，纵34.3厘米，横35.9厘米。释文：我爱陶彭泽，无钱对菊花。而今九日至，自觉酒须赊。困学。本幅署款：“困学”。钤“虎林隐吏”印。主要鉴藏印有明代沐昂“黔宁王子子孙孙永保之”印，现代“张珩私印”等。此页书唐代杜甫《复愁》十二首之十一（文字与通行版本略有不同）。结字开张，行笔遒劲，尺幅虽小，却足以代表鲜于氏英伟豪迈、痛快淋漓的书法风格。
杨维桢行书宴啸傲东轩诗页,元,http://www.dpm.org.cn/Uploads/Picture/dc/51194.jpg,行书,杨维桢,《宴啸傲东轩诗》页，元，杨维桢书，纸本，行书，纵34.1厘米，横71.2厘米。此页为“天乐大尹”书自作七律一首。信手涂抹，墨气淋漓。虽系小品，亦颇见性格。释文：□□老人宴余啸傲东轩。座客陈君章、林子山、任叔达、任孟举。主者仲氏千里，子仲行、季文、高第，弟子任衡、张师周。席上赋诗一解，率诸客用韵成什。寄傲先生不乞灵，遥瞻江水接天青。未随汉使槎横斗，自爱郝郎书满庭。破镜飞来开月殿，洗车过去勒云軿。君看天上双星会，不似人间聚德星。明日书此纸会乩，抱遗叟杨维桢再拜。天乐大尹见此，聊发一卢胡也。本幅署款“抱遗叟杨维桢再拜”，钤“杨廉夫”（白文）、“铁笛道人”（朱文）二印。有清代安岐，近代何厚琦、赵叔彦、完颜景贤、张爰、谭敬等家鉴藏印。收入清代安岐旧藏《元法书大观》册中。
杨维桢行楷书鬻字窝铭,元,http://www.dpm.org.cn/Uploads/Picture/2017/04/11/s58eca3dc42da3.jpg,未知,未知,"《鬻字窝铭》轴，元，杨维桢书，纸本，行楷书，纵104厘米，横28.9厘米。 释文：
    鬻字窝铭。江都盛端明，穷而有奇气。弃去小走吏，从儒先生游，日以学古文为事。自周太史籀、秦丞相斯、车府令高、太史令胡毋敬，下逮程邈、张敞、杜业、爰礼、杨雄、崔瑗、贾逵、蔡邕、许慎、张揖、邯郸淳、吕忱兄弟、江琼祖孙，代号字学之流，端明盖欲绝其古今，与处伯仲其中。予识字颇有数，而又惑于俗造文，故余校壁书、籀篆、石经、古文，其援验必资端明。端明为余指奇难，则不必究埤雅，广雅之劳也。然六书八体日工，图史钞帙积左右日富，而妻子日饿冻不已。端明方与好事者歌呼谈笑，不计甔有储、爨有薪火无也。且大书其一窝曰煮字，求其游之善诗者歌詠之，而又以其卷请铭言于余。余喜其穷而克固，固而不出，儒者伎也。遂为广其意作铭，俾篆诸楣曰：王孙炮凤，太官烹羊，足以戟人之吭，不如子之字旨且康兮。西邻爨蠟，东邻负鼎，足以轭人之颈，不如子之字隽且永兮。仁以畬之，义以植之，既植而籽，曰忠敬之。既籽而获，而至于炊，墨突颜箪，其乐在兹。不幸馁也，与西山之人同传；而其飫也，则将鼓天下之腹而与尧民同娭。故端明氏之鬲也，自谓过五鼎煮七犠，而人不知。会稽杨维祯。 款钤“会稽杨维桢印”。鉴藏印有：“乾隆御览之宝”、“石渠宝笈”、“诒晋斋印”、“杨氏秘玩”、“也园索氏收藏书画”、“櫰庭清玩”、“阿尔喜普之印”、“东平”等多方。下裱边有永瑢题跋。
    此作是一件长篇条幅，这种书法形式在元末并不多见，在杨维桢的传世作品中也属少数，因此章法布局自有其独特之处。通篇既呈绵密之势又见通达之气。结字或劲健厚阔，或轻盈妍丽，灵动圆活，融合汉隶、章草和二王格局，古澹朴拙之中显示出秀劲挺拔的独特魅力，颇具观赏价值。 杨维桢在《煮字窝铭》中称江都盛端明钻研古文字虽处穷恶之境而矢志不渝，高度赞扬其坚韧而严谨的治学精神，同时概述了文字学自古至今的发展成就，列举历代古文名家，表现出杨维桢对文字学研究的关注和渊博的知识，可称是一篇研究文字与书法发展史的学术论文。由此可知杨维桢的书法成就不仅源于书法实践而且根底于他深厚的书学修养，其作品往往弥漫着一种古雅而又悠远的意韵而绝无书手匠气。此文未入《东维子集》，属集外文。"
邓文原章草书急就章卷,元,http://www.dpm.org.cn/Uploads/Picture/2017/04/11/s58ec818433091.jpg,未知,邓文原,《急就章》卷，元，邓文原书，纸本，章草，纵23.3厘米，横368.7厘米。钤“邓文原印”、“巴西邓氏善之”、“素履斋”。释文（略）。本卷引首弘历行书“草圣”二字，卷尾董邦达画松柏竹石图。本幅后有元代石岩、杨维祯、张雨、明代余诠、袁华、道衍、陈谦题跋。鉴藏印有“袁华私引”、“姜绍书印”、“二酉”及项元汴、乾隆、宣统内府诸印。本帖为邓文原早年书，观其用笔圆转劲健，流露锋芒，有法度，甚合古人遗意。元张雨跋云：“素履斋书此，早年大合作，中岁以往，爵位日高，而书学益废，与之交笔研者，始以余言为不妄。殆暮年章草，如隔世矣，信为学不可止如此。”可为确论。卷后邓文原自识：“为理仲雍书于大都庆寿寺僧房。”理仲雍名熙，于阗国（今和阗）人，曾为吴郡判官，亦见袁华跋中。庆寿寺在元大都（今北京）西长安街，即双塔寺，今废。年款“大德三年三月十日”（1299年），邓文原时年42岁。《式古堂书画汇考》、《珊瑚网书跋》、《平生壮观》、《大观录》有著录。
赵孟頫行书三段卷,元,http://www.dpm.org.cn/Uploads/tupianyingxiang/赵孟頫行书三段卷.jpg,行书,赵孟頫,《行书三段》卷，元，赵孟頫书，纸本，行书，首段纵31.1厘米，横101.5厘米，二段纵31.1厘米，横100.2厘米。三段纵29.9厘米，横103厘米。此卷由赵氏三件行书作品合装而成。释文：首段：昔者圣人之作《易》也，幽赞于神明而生蓍，参天两地而倚数，观变于阴阳而立卦，发挥于刚柔而生爻，和顺于道德而理于义，穷理尽性以至于命。大德九年十月十一日谒介真馆，为南谷尊师书此章。弟子赵孟頫鉴藏印。首段节录《周易·系辞》，署款：“大德九年十月十一日谒介真馆，为南谷尊师书此章。弟子赵孟頫。”钤“赵氏子昂”印。书于元大德九年（1305年），作者时年52岁。二段：玄都坛歌。故人昔隐东蒙峰，已佩含景苍精龙。故人今居子午谷，独在阴崖结茅屋。屋前太古玄都坛，青石漠漠常风寒。子规夜啼山竹裂，王母昼下云旗翻。知君此计成长往，芝草琅玕日应长。铁锁高垂不可攀，致身福地何萧爽。大德十年正月十八日，南谷尊师过我车桥之馆。要写古诗，乃书此篇。弟子吴兴松雪道人赵孟頫书。二段录杜甫《玄都坛歌》，署款：“大德十年正月十八日，南谷尊师过我车桥之馆。要写古诗，乃书此篇。弟子吴兴松雪道人赵孟頫书。”钤印同上。书于元大德十年（1306年），作者时年53岁。末段：白云从何来，乃在计筹山。山中老仙伯，翱翔白云间。结屋松竹里，开窗泉石边。焚香诵《道德》，清斋降神仙。俯仰皆自得，洗心游太玄。我欲往从之，规买山下田。艺药扫白发，栽桃映红颜。庶几林下意，期了区中缘。丹成从师去，笑拍洪崖肩。 琼山发天秀，珠泉表地灵。柔荑吐丹葩，乔林标绛英。酌醴吸冲和，汲涧漱甘清。石门开洞门，木龙走岩扃。清飚一时至，四座浮幽馨。阆风何必远，世尘空自冥。从游当有期，淹留讵无成。左手撷紫芝，右手采黄精。振衣陟崇冈，遐观散神情。长啸烟雾里，满空鸾鹤声。吾昔年为先师杜真人赋此二诗，今其弟子袁安道来索书，因写与使藏之。延祐六年十二月廿九日松雪斋书。子昂。前诗似更有二句，然老昏忘之矣。末段录自作诗《寄题杜尊师白云庵琼秀亭》二首，署款：“吾昔年为先师杜真人赋此二诗，今其弟子袁安道来索书，因写与使藏之。延祐六年十二月廿九日松雪斋书。子昂。”钤印亦同前。书于元延祐六年（1319年），作者时年66岁。赵孟頫喜与释道人物游，执弟子礼师事者，则为僧人中峰明本与道士南谷真人。南谷名杜道坚，曾住持杭州宗阳宫等道观。本卷前二段即为南谷而书；末段则系南谷殁后为其弟子袁安道而书，亦寓纪念南谷之意，是研究赵氏生平交谊的重要资料。以书法论，三段皆精心用意之作。首段奔放跌宕，二段妍润隽逸，末段遒健苍古，堪称赵氏中、晚年行书的代表作品。卷前有元人乔宇篆书引首；尾纸有元陈旅、张雨、杜本、揭傒斯、张翥等12人及明项元汴所作题识。卷中钤有明项元汴，清李肇亨、梁清标及乾隆、嘉庆、宣统内府章。
吴镇草书心经卷,元,http://www.dpm.org.cn/Uploads/Picture/2017/04/05/s58e48c1cb8951.jpg,草书,吴镇,"《心经》卷，元，吴镇书，纸本，草书，纵29.3厘米，横203厘米。
　　释文： 观自在菩萨，行深般若波罗蜜多时。照见五蕴皆空，度一切苦厄。舍利子，色不异空，空不异色，色即是空，空即是色。受想行识，亦复如是。舍利子，是诸法空相，不生不灭，不垢不净，不增不减。是故空中无色，无受想行识，无眼界耳鼻舌身意，无色声香味触法，无眼界，无无明，亦无无明尽。乃至无老死，亦无老死尽。无苦集灭道，无智亦无得。以无所得故，菩提萨埵。依般若波罗蜜多故，心无罣碍。无罣碍故，无有恐怖。远离颠倒梦想，究竟涅盘。三世诸佛，依般若波罗蜜多故，得阿耨多罗三藐三菩提。故得般若波罗蜜多，是大神呪，是大明呪，是无等等呪。能除一切苦，真实不虚。故说般若波罗蜜多呪。即说呪曰：揭谛，揭谛，波罗僧揭谛，波罗揭谛，菩提萨婆诃。般若波罗蜜多心经。梅花道人奉书。至元六年夏四月初吉。 此卷书于元至元六年（1340年），为吴镇61岁时手录《心经》全文（内有误书多处），笔势遒逸，风味古澹，堪称炉火纯青。钤“梅花盦”朱文方印、“嘉兴吴镇仲圭书画记”白文方印。卷上还有清代刘墉、永瑆题跋及钱樾、周家谦等人鉴藏印记。"
赵孟頫楷书杭州福神观记卷,元,http://www.dpm.org.cn/Uploads/Picture/2017/04/05/s58e45a44881b9.jpg,楷书,赵孟頫,"《杭州福神观记》卷，元，赵孟頫书，纸本，楷书，纵34.2厘米，横797.8厘米。 《杭州福神观记》是一篇碑记，由著名文学家邓文原撰文，记述道教领袖张惟一委派崔汝晋重建位于西湖断桥之侧的福神观之始末。赵孟頫书此碑记于元延祐七年（1320年），时已67岁，属其极晚年作品，已臻“人书俱老，炉火纯青”的境界。作品以乌丝界栏。字体主要取法唐代李邕，参以己意，雄健开张，用笔圆劲浑厚。全文七百余字一气呵成，功力非凡。当年应曾上石，今碑已佚，唯此墨迹存世。 释文（略）
        引首赵孟頫篆书“杭州福神观记”六字，款署“延佑七年正月，承德郎佥、江东建康道肃政、廉访司事邓文原记，翰林学士、承旨荣禄大夫知制诰、兼修国史赵孟頫书并篆题。”"
陈绎曾楷书静春先生诗集后序卷,元,http://www.dpm.org.cn/Uploads/Picture/dc/13523.jpg,楷书,陈绎曾,《静春先生诗集后序》卷，元，陈绎曾书，纸本，小楷，纵31.2厘米，横49.5厘米。 此序落款“至治元年三月既望”，即1321年。陈绎曾所书《静春先生诗集后序》是元人书《静春堂诗集》序卷中的一段。除陈绎曾，另有龚璛、陆文圭、杨载、汤弥昌等人作序，虞集、郭麟孙题跋，钱重鼎题诗以及黄溍撰写《故静春先生袁君墓志铭》。 释文（略）
倪瓒行楷书淡室诗轴,元,http://www.dpm.org.cn/Uploads/Picture/dc/8709.jpg,行楷书,倪瓒,《淡室诗》轴，元，倪瓒书，纸本，行楷书，纵64厘米，横27厘米。释文：欲写新诗尘满几，味我迂言淡如水。白云淡淡何从来，来伴我（此字点去）孤吟北窗里。酒味甘浓易变酸，世情对面九疑山。白云且结无情友，明月幽禽与往还。八月廿日过宗道云栖楼，命余赋子安淡室诗，因赋。是日疏雨生凉，山光满几，殊有幽兴也。瓒。无题跋。鉴藏印钤有清“润州戴植字培之鉴藏书画章”印一方。《淡室诗》是倪瓒为友人“宗道”所书的一首七律诗。诗中寄托了他避世索居、与白云幽禽为伴的心境。此书是倪瓒存世这是一件彰显作者个性的书法作品，以立轴形式装裱在当时是比较少见的。此件楷书运笔俊峭，取法初唐楷书而兼有隶意，韵致高古，结字章法更打破楷书均衡取势之态，颇显生动飘逸的特点。据书风判断应为其晚年之作。
康里巎巎草书谪龙说卷,元,http://www.dpm.org.cn/Uploads/tupianyingxiang/康里巎巎草书谪龙说卷.jpg,草书,康里巎巎,《谪龙说》卷，元，康里巎巎书，纸本，草书，纵28.8厘米，横137.9厘米。释文： 谪龙说，柳子厚。 扶风马孺子言：年十四五时，在泽州与群儿戏郊亭上。有光烨然，须臾有奇女坠地，被緅裘白文之里，首步摇之冠。贵游年少悦之，稍狎焉。女頩尔怒曰：“不可！吾固居钧天帝宫，上下星辰，羞昆仑，薄蓬莱，而不即者。帝以吾心侈大，怒而谪来，七日当复。今吾虽困辱尘土中，非若俪也，吾复且害若。”众惧而退。乃入居佛寺讲室焉。及期，进取杯水，嘘成云气，五色翛翛也。乃取其裘反之，化为白龙，徊翔登天，莫知其所如往，亦怪甚矣。呜呼！非其类而狎其谪不可哉。孺子不妄人，故记其说。彦中判府贤友，久不覩仆恶札，因草书《谪龙说》往。想展览之际，如相见也。康里巎再拜。迎首钤“松风堂”朱文印，款下钤“康里子山”朱文印。本幅及隔水钤有清梁清标“蕉林鉴定”、安岐“安仪周家珍藏”及乾隆内府诸鉴藏印。卷前有清永瑆题签“康里子山谪龙说”。卷后有元周伯琦、昂吉、瞿智，清永瑆4段题跋。《谪龙说》卷是康里巎巎书录唐代著名思想家、文学家柳宗元的撰文赠送友人叶彦中的。此卷清初由安岐、梁清标递藏，乾隆年间入内府，后归乾隆第十一子成亲王永瑆。 此书得王羲之笔意，用笔精巧娴熟，线条圆润流畅，笔画轻重粗细极为分明，富有强烈的节奏感。虽无书写年款，但从书貌看应是康里巎巎书法成熟时期的作品。元瞿智题跋中评此书：“子山平章书似公孙大娘舞剑器法，名擅当代，前后相去数百载，而具美于卷中，展玩之如秋涛瑞锦，光采飞动，可谓妙绝古今矣。” 顾复《平生壮观》、安岐《墨缘汇观》、吴升《大观录》、清内府《石渠宝笈》著录。
赵雍行书鄣南八咏诗卷,元,http://www.dpm.org.cn/Uploads/Picture/2017/04/05/s58e48d0d2c0ac.jpg,行书,赵雍,"《鄣南八咏诗》卷，元，赵雍书，纸本，纵30.8厘米, 横227.9厘米，行书。释文：鄣南八咏。天目晴雪雨池银水在云中，岩壑生花瑞气隆。盐虎作寒连地合，玉鳌扶冻与天通。照人错落山应瘦，向日消残树半空。独有小梅清见骨，只将真色笑春风。渚溪夕照渚溪行过少邻家，操面黄蜂趁晚衙。一片素秋清暎水，半汀红日澹迎霞。渔竿影没人争渡，牧笛声沉雁落沙。危石路头清浅处，只消新月照梅花。北庄梅花颠倒溪流险在兹，山中忽复见横枝。天生一白世无匹，花压万红春有私。疏影卧波宜入夜，暗香蒙雪幸同时。江南地暖开容易，马上逢人寄所思。樊坞梨园旧日樊川雪作团，尚余清艳后人看。一枝香湿雨初霁，千树恨多春企寒。留月只应空院落，闭门谁复倚阑干。何当载酒来花下，洗却凡妆跨素鸾。梅溪春涨玉磬峰头积雪消，紫梅花下水平桥。喷开石窦山倾倒，怒拍溪门浪动摇。连岸白沙鸥鸟下，满川红雨鳜鱼跳。黄流引入星河去，一任乘槎上碧霄。独松冬秀撞破关门山势开，树头云起唤龙来。擎天老盖高千丈，傲雪贞标压众材。岁久节根坚作玉，风生岩壑响成雷。苍颜不改只依旧，万古相期竹与梅。浮玉晚娇白玉山前叠绮纨，故将娇艳弄轻寒。天香喷散龙涎饼，国色铺交玛瑙盘。贵重万花春作主，醉逢三月日凭阑。自从李白题诗后，不许寻常子弟看。石埭夜航顺风吹送下山前，石鼓沿溪不碍船。帆影扑开沙上月，橹声摇动水中天。沧浪一曲寻秋去，玄鹤孤鸣恼夜眠。乘涉已为天下共，载云归越在何年。凌孟傅诗，赵仲穆书。钤“仲穆”印。卷前为执柔道人篆书“鄣南八咏”，卷后有刘麟、顾应祥题诗。本幅鉴藏印有“陈子受家珍藏”、“子受秘玩”等3方。赵雍书法结体用笔及笔画特点都恪守家法，《书史会要》记载赵孟頫：“尝为幻住庵写金刚经未半，雍足成之，其联续处，人莫能辨。”此书结体稳健，功力深厚，形体秀美，温润闲雅，具有赵书遗意。"
赵麟行书衡唐帖页,元,http://www.dpm.org.cn/Uploads/Picture/dc/8804.jpg,行书,赵麟,《衡唐帖》页，元，赵麟书，纸本，纵28.2厘米，横25.2厘米，行书。释文：今早拟欲专造，缘执事昨晚云，大尹兄到弊舍，所以不果，而专俟舟从之来临耳。不然安敢坐待，以速罪也。伏希情恕不具。赵麟拜启。衡唐征君先生。衡唐先生。赵麟完。本幅鉴藏印有“安岐仪周书画之章”、“无恙”、“樵李氏鹤梦轩珍藏记”、“景贤”等16方。赵孟頫翰墨之妙名贯一代。其孙赵麟虽无盛名，但书翰皆出规入矩，笔意流动，洒落超逸，亦不失家法。正如明陶宗仪《书史会要》所言：“麟书更益以工，便可造其父之域。”
张渊行书五古诗帖页,元,http://www.dpm.org.cn/Uploads/Picture/dc/8800.jpg,行书,张渊,"《五古诗帖》页，元，张渊书，纸本，纵27.4厘米, 横52.7厘米，行书。释文：云卧三十年，好闲复爱仙。蓬壶虽冥绝，鸾鹤心悠然。归来桃花岩，得憩云窗眠。对岭人共语，饮潭猿相连。时升翠微上，邈若罗浮巅。两岑抱东壑，一嶂横西天。树杂日易隐，崖倾月难圆。芳草换野色，飞萝摇春烟。入远构石室，选幽开山田。独此林下意，杳无区中缘。永辞霜台客，千载方来檐。用拙斋书。钤“张氏清夫”印。鉴藏印钤“仪周鉴赏”、“莲樵鉴赏”、“景贤”、“谭氏区斋书画之章”等10方。张渊书法学赵孟頫，用笔结字亦步亦趋，形神兼备，有相当的功力。此帖学赵孟頫中年书体，笔画清健，笔力圆劲，结体方阔，点画精美，翩翩有致。"
张雨行书题画诗帖页,元,http://www.dpm.org.cn/Uploads/Picture/2017/04/11/s58ec8424bd14d.jpg,行书,张雨,《题画诗帖》页，元，张雨书，纸本，纵29.3厘米，横148.5厘米，行书。释文：清才绝似王摩诘，爱向高堂写雪山。华盖洞中如屋里，赤栏桥外是人间。琼楼只许飞仙住，珠树应留织女攀。莫信寒泉伤玉趾，最宜清暑听潺湲。怪底朝寒云气浓，卷帘金翠出芙蓉。似倾三峡龙门雪，为洗明星玉女峰。玄豹藏来深雾雨，绿阴缺处小房栊。拟求许郭仙人宅，知隔琼华第几重。右题张彦辅画《雪山楼观》、《云林隐居》二图。雨。又书小字:四月廿六日晚，雨试笔，天镜、拙庵此时偃卧清凉室中，小龙了在天年袖中矣。钤“张雨私印”、“句曲外史张天雨印”。卷后有郑元祐题诗，罗天池题名，南郭翁书法。其中南郭翁书法一段与《题画诗帖》没有必然联系。卷前沈曾植隶书引首“诗留画味”。明周天球题诗及画像皆伪。文中“张彦辅”为元至正时人，号六一道士，居北京，善画山水。卷后郑元祐诗题中有“可怜斯人头已白”句，可知是张雨晚年的作品。《题画诗帖》书法清劲流利，舒放而又雍容，多具变化，又颇有些峻厉狂怪。张雨早年书法受赵孟頫影响，后得《茅山碑》，其书遂变，故此题字画清遒，染有唐人风格。张雨此件有双胞作品，美国大都会藏有另一本，无跋。两者比较，故宫为摹本，大都会为书写本，应是真迹。
张雨行书送柑二诗帖页,元,http://www.dpm.org.cn/Uploads/Picture/dc/8799.jpg,行书,张雨,"《送柑二诗帖》页，元，张雨书，纸本，纵26.5厘米, 横29.4厘米，行书。释文：次韵谢天镜上人送柑：肚能紧束三条篾，手亦亲栽两棵梨。尚忆黄甘三百颗，好山多在洞庭西。尘中谁识罗公远，一嗅黄（此字点去）香甘瓣瓣轻。不似枇杷金弹子，只供游侠打啼莺。天雨。钤“句曲外史”印。鉴藏印钤“安仪周家珍藏”、“莲樵鉴赏”、“景贤”、“谭敬”等11方。据明姚广孝《逃虚子集》记载，文中“天镜”指杭州灵隐寺僧人圆净。圆净字天镜，著有《朴园集》。李日华云：“伯雨书性极高，人言其请益赵魏公（元代赵孟頫），公授以李泰和（唐代李邕）《云麾碑》，书顿进。”此帖舒放俊丽，清和闲雅，有赵书遗意，但刚劲峻拔，又有李邕风格，给人以用笔精紧、遒逸清新之感。"
邓文原行书近者帖页,元,http://www.dpm.org.cn/Uploads/Picture/dc/12192.jpg,行书,邓文原,《近者帖》页，元，邓文原书，纸本，纵31.6厘米，横52.5厘米，行书。释文：文原顿首再拜仲彬治中相公足下。文原近者自桐川过宛陵，满拟还途一见，叙所欲言，而雨雪相仍，急于归舍，遂乖此愿。先茔志文，尝为令嗣言备细，盖例须叙先世立言行事与官职，而先正营葬已久，今撰述先夫人铭文，已具述潜德，可以互见，伺封赠命下，却又别立一碑，庶为允当耳。但恨文思荒陋，无所发明，幸目至付刊匠也。开春即为小子毕结心事，总总谨奉此纸，不能深详，余嘱珍重不宣。文原顿首再拜，十二月十六日。钤有“宾”、“项叔子”、“墨林山人”、“天籁阁”、“项子京珍藏印”等15方鉴藏印。此书札是邓文原任江东建康道肃政廉访司时所作。文中提及之地名“桐川”、“宛陵”均位于安徽省境内。《近者帖》书法如行云流水，舒畅快捷，随锋就势，轻盈爽快，神气妍美，飘然自适，有王羲之书法之遗韵。《铁网珊瑚》著录。
俞和行书自书诗卷,元,http://www.dpm.org.cn/Uploads/Picture/2017/04/05/s58e4583f68750.jpg,行书,俞和,《自书诗》卷，元，俞和书，行书，纸本，纵28.8厘米，横216.7厘米。俞和《自书诗》卷释文：次陆秀才春日幽坐韵 新塘雨余流水新，隔窗看花如美人。晴丝冉冉堕复起，幽鸟嘤嘤啼更嚬。自怜华发在海峤，谁肯野服随山民。故园荒秽久弗治，且得饮酒从天真。 冬日偕友人金子尚遊贾氏西园观梨树有感 紫芝山人无所慕，仗策冈头闲纵步。蘧轩先生欣见之，弟子相邀过西圃。圃中梨树如大椿，百年枝干高轮菌。先生惊见弟子喜，我亦叹赏荒烟滨。东风有待凭阑者，我辈还来醉其下。华时万朵白余云，澹月溶溶香更雅。洗妆娇面不胜春，好倩徐熙生色写。只今霜雪苦寒中，扫除宿莽驱园僮。地僻无虑人剪伐，时有剥（点去）啄木寻青虫。 次叶舜臣访慈济悦上人诗韵 携琴相访辄相迎，惠远由来有胜情。避世人（点去）歌仍(此字上钩)紫芝曲，忘机肯负白鸥盟。城头雨过阶除净，树底风生几席清。我亦年来味禅悦，仗策兰若踏春晴。 题悌本中新居次叶舜臣韵 禅房华木深幽处，每见黄鹂语自双。雪色一方新构室，树阴三面半开窗。鬻茶联句龙头鼎，剪烛翻经雁足缸。清胜了无尘俗事，时将绿绮奏飞泷。 题张羽士小像 吴山羽客蓬莱侣，阅世青松白石间。炼就还丹飞白日，游心自与野云闲。 遊天龙寺次简上人诗韵 江郭幽寻仗策来，龙飞凤舞画图开。且从听法留萧寺，更欲凌云上古台。笑傲不妨双鬓雪，登临唯觉寸心灰。百年兴废同谁语，目送寒潮又一迴。 遊灵隐寺有感，示用贞长老 小朵峰头访大颠，岩扉无复旧苍烟。清猿啸月昔曾听，古树拂天今漫传。陵谷变迁成小劫，林泉栖遁是何年。我来试勺亭前水，一滴曹溪问老禅。 次沈斯乐见寄 我家新塘种竹所，问字时有人敲门。天风昼翻翡翠羽，海月夜照珊瑚根。哦诗政尔谴偪侧，对客嬾与通寒温。且倾新釀百壶酒，与子日醉梅花村。此诗卷末无款印，仅第一首诗后有俞和钤“子中父印”1方。卷后有明项元汴题并“嗣”字编号，又陈敬宗，清周寿昌、赵烈文、费念慈题跋。 鉴藏印钤明项元汴“项子京家珍藏”，清安岐“安仪周家珍藏”及乾隆内府诸印。《自书诗》卷为俞和自作、自书七言诗8首，描写他拜僧访友、游历山水的情景。 此书中的第一首诗《次陆秀才春日幽坐韵》，俞氏曾不止一次地书写，其所书《杂诗帖》卷中的第一首也是此诗，盖其得意之作，故常为人书之。俞和之书法结体稳妥，功力深厚，学赵孟頫晚年书。陈敬宗在题跋中赞云：“俞紫芝书笔意清婉，姿态风润，盖兼得赵松雪之神魄，至不能辨其真赝，可爱也。” 此诗卷曾经明项元汴、清陈子受等收藏，清乾隆年间入内府。清卞永誉《式古堂书画汇考》、安岐《墨缘汇观》著录。
俞和行书临定武本兰亭卷,元,http://www.dpm.org.cn/Uploads/Picture/2017/04/05/s58e4583f67ecc.jpg,行书,俞和,《临定武本兰亭》卷，元，俞和书，行书，纸本，纵26.7厘米，横83.7厘米。 此帖为俞和临宋拓定武本《兰亭序》。 释文（略）
吴叡隶书道德经卷,元,http://www.dpm.org.cn/Uploads/Picture/2017/05/09/s5911340ba8fb3.jpg,隶书,吴叡,《老子道德经》卷，元，吴叡书，隶书，纸本，纵24.8厘米，横400.7厘米。 此卷是吴叡为“虚碧道士”书录的老子《道德经》全文。 释文（略）
